local_time,status_temperatuur,temperatuur_hoog,temperatuur_laag,kastemperatuur
18/09/2022 4:05 PM,0,20,15,18.5
18/09/2022 4:10 PM,0,20,15,18.5
18/09/2022 4:15 PM,0,20,15,18.4
18/09/2022 4:20 PM,0,20,15,18.4
18/09/2022 4:25 PM,0,24,16,18.3
18/09/2022 4:30 PM,0,20,15,18.2
18/09/2022 4:35 PM,0,20,15,18.2
18/09/2022 4:40 PM,0,24,16,18.1
18/09/2022 4:45 PM,0,20,15,18
18/09/2022 4:50 PM,0,24,16,18
18/09/2022 4:55 PM,0,20,15,18
18/09/2022 5:00 PM,0,20,15,17.9
18/09/2022 5:05 PM,0,20,15,17.8
18/09/2022 5:10 PM,0,20,15,17.7
18/09/2022 5:15 PM,0,20,15,17.6
18/09/2022 5:20 PM,0,20,15,17.6
18/09/2022 5:25 PM,0,20,15,17.6
18/09/2022 5:30 PM,0,20,15,17.6
18/09/2022 5:35 PM,0,20,15,17.5
18/09/2022 5:40 PM,0,20,15,17.5
18/09/2022 5:45 PM,0,20,15,17.5
18/09/2022 5:50 PM,0,20,15,17.5
18/09/2022 5:55 PM,0,20,15,17.5
18/09/2022 6:00 PM,0,20,15,17.6
18/09/2022 6:05 PM,0,20,15,17.6
18/09/2022 6:10 PM,0,20,15,17.5
18/09/2022 6:15 PM,0,20,15,17.6
18/09/2022 6:20 PM,0,20,15,17.7
18/09/2022 6:25 PM,0,20,15,17.7
18/09/2022 6:30 PM,0,20,15,17.6
18/09/2022 6:35 PM,0,20,15,17.7
18/09/2022 6:40 PM,0,20,15,17.7
18/09/2022 6:45 PM,0,20,15,17.7
18/09/2022 6:50 PM,0,20,15,17.6
18/09/2022 6:55 PM,0,20,15,17.6
18/09/2022 7:00 PM,0,20,15,17.6
18/09/2022 7:05 PM,0,20,15,17.6
18/09/2022 7:10 PM,0,20,15,17.6
18/09/2022 7:15 PM,0,20,15,17.5
18/09/2022 7:20 PM,0,20,15,17.5
18/09/2022 7:25 PM,0,20,15,17.5
18/09/2022 7:30 PM,0,20,15,17.6
18/09/2022 7:35 PM,0,20,15,17.6
18/09/2022 7:40 PM,0,20,15,17.7
18/09/2022 7:45 PM,0,20,15,17.8
18/09/2022 7:50 PM,0,20,15,17.8
18/09/2022 7:55 PM,0,20,15,17.8
18/09/2022 8:00 PM,0,20,15,17.8
18/09/2022 8:05 PM,0,20,15,17.7
18/09/2022 8:10 PM,0,20,15,17.3
18/09/2022 8:15 PM,0,20,15,17
18/09/2022 8:20 PM,0,20,15,16.8
18/09/2022 8:25 PM,0,20,15,16.9
18/09/2022 8:30 PM,0,20,15,16.6
18/09/2022 8:35 PM,0,20,15,16.2
18/09/2022 8:40 PM,0,20,15,16.2
18/09/2022 8:45 PM,0,20,15,16.1
18/09/2022 8:50 PM,0,20,15,16.2
18/09/2022 8:55 PM,0,20,15,16.3
18/09/2022 9:00 PM,0,20,15,16.3
18/09/2022 9:05 PM,0,20,15,16.3
18/09/2022 9:10 PM,0,20,15,16.2
18/09/2022 9:15 PM,0,20,15,16.3
18/09/2022 9:20 PM,0,20,15,16.2
18/09/2022 9:25 PM,0,20,15,15.9
18/09/2022 9:30 PM,0,20,15,15.8
18/09/2022 9:35 PM,0,20,15,15.8
18/09/2022 9:40 PM,0,20,15,15.8
18/09/2022 9:45 PM,0,20,15,15.7
18/09/2022 9:50 PM,0,20,15,15.6
18/09/2022 9:55 PM,0,20,15,15.5
18/09/2022 10:00 PM,0,20,15,15.5
18/09/2022 10:05 PM,0,20,15,15.5
18/09/2022 10:10 PM,0,20,15,15.5
18/09/2022 10:15 PM,0,20,15,15.5
18/09/2022 10:20 PM,0,20,15,15.5
18/09/2022 10:25 PM,0,20,15,15.4
18/09/2022 10:30 PM,0,20,15,15.3
18/09/2022 10:35 PM,0,20,15,15.3
18/09/2022 10:40 PM,0,20,15,15.3
18/09/2022 10:45 PM,0,20,15,15.3
18/09/2022 10:50 PM,0,20,15,15.3
18/09/2022 10:55 PM,0,20,15,15.3
18/09/2022 11:00 PM,0,20,15,15.3
18/09/2022 11:05 PM,0,20,15,15.3
18/09/2022 11:10 PM,0,20,15,15.4
18/09/2022 11:15 PM,0,20,15,15.3
18/09/2022 11:20 PM,0,20,15,15.4
18/09/2022 11:25 PM,0,20,15,15.4
18/09/2022 11:30 PM,0,20,15,15.4
18/09/2022 11:35 PM,0,20,15,15.4
18/09/2022 11:40 PM,0,20,15,15.4
18/09/2022 11:45 PM,0,20,15,15.3
18/09/2022 11:50 PM,0,20,15,15.3
18/09/2022 11:55 PM,0,20,15,15.3
19/09/2022 12:00 AM,0,20,15,15.4
19/09/2022 12:05 AM,0,20,15,15.4
19/09/2022 12:10 AM,0,20,15,15.3
19/09/2022 12:15 AM,0,20,15,15.2
19/09/2022 12:20 AM,0,20,15,15.1
19/09/2022 12:25 AM,0,20,15,15.1
19/09/2022 12:30 AM,0,20,15,15
19/09/2022 12:35 AM,0,20,15,15
19/09/2022 12:40 AM,0,20,15,15
19/09/2022 12:45 AM,0,20,15,15
19/09/2022 12:50 AM,0,20,15,15
19/09/2022 12:55 AM,0,20,15,15
19/09/2022 1:00 AM,0,20,15,15
19/09/2022 1:05 AM,0,20,15,15
19/09/2022 1:10 AM,0,20,15,15
19/09/2022 1:15 AM,0,20,15,15.1
19/09/2022 1:20 AM,0,20,15,15.1
19/09/2022 1:25 AM,0,20,15,15.1
19/09/2022 1:30 AM,0,20,15,15.1
19/09/2022 1:35 AM,0,20,15,15.1
19/09/2022 1:40 AM,0,20,15,15
19/09/2022 1:45 AM,1,20,15,14.9
19/09/2022 1:50 AM,1,20,15,14.9
19/09/2022 1:55 AM,1,20,15,14.9
19/09/2022 2:00 AM,0,20,15,15
19/09/2022 2:05 AM,0,20,15,15.1
19/09/2022 2:10 AM,0,20,15,15.1
19/09/2022 2:15 AM,0,20,15,15.2
19/09/2022 2:20 AM,0,20,15,15.3
19/09/2022 2:25 AM,0,20,15,15.3
19/09/2022 2:30 AM,0,20,15,15.3
19/09/2022 2:35 AM,0,20,15,15.3
19/09/2022 2:40 AM,0,20,15,15.4
19/09/2022 2:45 AM,0,20,15,15.4
19/09/2022 2:50 AM,0,20,15,15.5
19/09/2022 2:55 AM,0,20,15,15.5
19/09/2022 3:00 AM,0,20,15,15.5
19/09/2022 3:05 AM,0,20,15,15.6
19/09/2022 3:10 AM,0,20,15,15.6
19/09/2022 3:15 AM,0,20,15,15.6
19/09/2022 3:20 AM,0,20,15,15.6
19/09/2022 3:25 AM,0,20,15,15.6
19/09/2022 3:30 AM,0,20,15,15.5
19/09/2022 3:35 AM,0,20,15,15.5
19/09/2022 3:40 AM,0,20,15,15.5
19/09/2022 3:45 AM,0,20,15,15.5
19/09/2022 3:50 AM,0,20,15,15.4
19/09/2022 3:55 AM,0,20,15,15.4
19/09/2022 4:00 AM,0,20,15,15.5
19/09/2022 4:05 AM,0,20,15,15.5
19/09/2022 4:10 AM,0,20,15,15.6
19/09/2022 4:15 AM,0,20,15,15.6
19/09/2022 4:20 AM,0,20,15,15.6
19/09/2022 4:25 AM,0,20,15,15.7
19/09/2022 4:30 AM,0,20,15,15.7
19/09/2022 4:35 AM,0,20,15,15.8
19/09/2022 4:40 AM,0,20,15,15.8
19/09/2022 4:45 AM,0,20,15,15.8
19/09/2022 4:50 AM,0,20,15,15.8
19/09/2022 4:55 AM,0,20,15,15.8
19/09/2022 5:00 AM,0,20,15,15.8
19/09/2022 5:05 AM,0,20,15,15.9
19/09/2022 5:10 AM,0,20,15,15.9
19/09/2022 5:15 AM,0,20,15,15.9
19/09/2022 5:20 AM,0,20,15,15.9
19/09/2022 5:25 AM,0,20,15,15.9
19/09/2022 5:30 AM,0,20,15,15.9
19/09/2022 5:35 AM,0,20,15,16
19/09/2022 5:40 AM,0,20,15,15.9
19/09/2022 5:45 AM,0,20,15,16
19/09/2022 5:50 AM,0,20,15,16
19/09/2022 5:55 AM,0,20,15,16
19/09/2022 6:00 AM,0,20,15,15.9
19/09/2022 6:05 AM,0,20,15,15.9
19/09/2022 6:10 AM,0,20,15,15.9
19/09/2022 6:15 AM,0,20,15,15.9
19/09/2022 6:20 AM,0,20,15,15.9
19/09/2022 6:25 AM,0,20,15,15.9
19/09/2022 6:30 AM,0,20,15,15.9
19/09/2022 6:35 AM,0,20,15,15.8
19/09/2022 6:40 AM,0,20,15,15.9
19/09/2022 6:45 AM,0,20,15,15.9
19/09/2022 6:50 AM,0,20,15,15.8
19/09/2022 6:55 AM,0,20,15,15.7
19/09/2022 7:00 AM,0,20,15,15.6
19/09/2022 7:05 AM,0,20,15,15.7
19/09/2022 7:10 AM,0,20,15,15.8
19/09/2022 7:15 AM,0,20,15,15.8
19/09/2022 7:20 AM,0,20,15,15.9
19/09/2022 7:25 AM,0,20,15,15.9
19/09/2022 7:30 AM,0,20,15,16
19/09/2022 7:35 AM,0,20,15,16
19/09/2022 7:40 AM,0,20,15,16.2
19/09/2022 7:45 AM,0,20,15,16.2
19/09/2022 7:50 AM,0,20,15,16.3
19/09/2022 7:55 AM,0,20,15,16.4
19/09/2022 8:00 AM,0,20,15,16.5
19/09/2022 8:05 AM,0,20,15,16.6
19/09/2022 8:10 AM,0,20,15,16.7
19/09/2022 8:15 AM,0,20,15,16.8
19/09/2022 8:20 AM,0,20,15,16.8
19/09/2022 8:25 AM,0,20,15,17
19/09/2022 8:30 AM,0,20,15,17.1
19/09/2022 8:35 AM,0,20,15,17.3
19/09/2022 8:40 AM,0,20,15,17.1
19/09/2022 8:45 AM,0,20,15,16.4
19/09/2022 8:50 AM,0,20,15,16.5
19/09/2022 8:55 AM,0,20,15,16.4
19/09/2022 9:00 AM,0,24,16,16.6
19/09/2022 9:05 AM,0,24,16,16.8
19/09/2022 9:10 AM,0,24,16,17.1
19/09/2022 9:15 AM,0,24,16,17.2
19/09/2022 9:20 AM,0,24,16,17.5
19/09/2022 9:25 AM,0,24,16,17.8
19/09/2022 9:30 AM,0,24,16,17.9
19/09/2022 9:35 AM,0,24,16,18
19/09/2022 9:40 AM,0,24,16,18.1
19/09/2022 9:45 AM,0,24,16,18.1
19/09/2022 9:50 AM,0,24,16,18.1
19/09/2022 9:55 AM,0,24,16,18.2
19/09/2022 10:00 AM,0,27,17,18.4
19/09/2022 10:05 AM,0,27,17,18.9
19/09/2022 10:10 AM,0,27,17,19.3
19/09/2022 10:15 AM,0,27,17,19.6
19/09/2022 10:20 AM,0,27,17,19.6
19/09/2022 10:25 AM,0,27,17,19.8
19/09/2022 10:30 AM,0,27,17,19.7
19/09/2022 10:35 AM,0,27,17,19.7
19/09/2022 10:40 AM,0,28,18,19.9
19/09/2022 10:45 AM,0,28,18,19.9
19/09/2022 10:50 AM,0,28,18,20.1
19/09/2022 10:55 AM,0,28,18,20.1
19/09/2022 11:00 AM,0,28,18,20.3
19/09/2022 11:05 AM,0,27,17,20.2
19/09/2022 11:10 AM,0,27,17,20.3
19/09/2022 11:15 AM,0,27,17,20.4
19/09/2022 11:20 AM,0,27,17,20.7
19/09/2022 11:25 AM,0,27,17,20.6
19/09/2022 11:30 AM,0,27,17,20.7
19/09/2022 11:35 AM,0,27,17,20.6
19/09/2022 11:40 AM,0,27,17,20.8
19/09/2022 11:45 AM,0,28,18,21.2
19/09/2022 11:50 AM,0,28,18,21.6
19/09/2022 11:55 AM,0,28,18,21.7
19/09/2022 12:00 PM,0,28,18,21.5
19/09/2022 12:05 PM,0,28,18,21.3
19/09/2022 12:10 PM,0,28,18,21.1
19/09/2022 12:15 PM,0,28,18,21.6
19/09/2022 12:20 PM,0,28,18,22
19/09/2022 12:25 PM,0,28,18,22.3
19/09/2022 12:30 PM,0,28,18,22.5
19/09/2022 12:35 PM,0,28,19,22.6
19/09/2022 12:40 PM,0,28,19,22.7
19/09/2022 12:45 PM,0,28,19,22.8
19/09/2022 12:50 PM,0,28,19,22.9
19/09/2022 12:55 PM,0,28,19,22.9
19/09/2022 1:00 PM,0,28,19,22.8
19/09/2022 1:05 PM,0,28,19,22.6
19/09/2022 1:10 PM,0,28,19,22.5
19/09/2022 1:15 PM,0,28,19,22.6
19/09/2022 1:20 PM,0,28,19,22.7
19/09/2022 1:25 PM,0,28,19,22.9
19/09/2022 1:30 PM,0,28,19,22.8
19/09/2022 1:35 PM,0,28,19,23.2
19/09/2022 1:40 PM,0,28,19,23.2
19/09/2022 1:45 PM,0,28,19,22.5
19/09/2022 1:50 PM,0,28,19,22.1
19/09/2022 1:55 PM,0,28,19,22.2
19/09/2022 2:00 PM,0,28,19,22.7
19/09/2022 2:05 PM,0,28,19,23.1
19/09/2022 2:10 PM,0,28,19,23.3
19/09/2022 2:15 PM,0,28,19,23.1
19/09/2022 2:20 PM,0,28,19,22.4
19/09/2022 2:25 PM,0,28,19,22
19/09/2022 2:30 PM,0,28,19,22.3
19/09/2022 2:35 PM,0,28,19,22.6
19/09/2022 2:40 PM,0,28,19,22.7
19/09/2022 2:45 PM,0,28,19,22.7
19/09/2022 2:50 PM,0,28,19,23.2
19/09/2022 2:55 PM,0,28,19,24
19/09/2022 3:00 PM,0,28,18,24.3
19/09/2022 3:05 PM,0,28,18,24.3
19/09/2022 3:10 PM,0,28,18,24.2
19/09/2022 3:15 PM,0,28,18,23.7
19/09/2022 3:20 PM,0,28,18,23.2
19/09/2022 3:25 PM,0,28,18,22.8
19/09/2022 3:30 PM,0,27,17,22.3
19/09/2022 3:35 PM,0,27,17,21.9
19/09/2022 3:40 PM,0,27,17,21.6
19/09/2022 3:45 PM,0,27,17,21.6
19/09/2022 3:50 PM,0,27,17,21.8
19/09/2022 3:55 PM,0,27,17,21.7
19/09/2022 4:00 PM,0,27,17,21.8
19/09/2022 4:05 PM,0,27,17,22
19/09/2022 4:10 PM,0,27,17,21.9
19/09/2022 4:15 PM,0,27,17,22.1
19/09/2022 4:20 PM,0,27,17,22.1
19/09/2022 4:25 PM,0,27,17,22.3
19/09/2022 4:30 PM,0,27,17,22.1
19/09/2022 4:35 PM,0,27,17,22
19/09/2022 4:40 PM,0,24,16,21.8
19/09/2022 4:45 PM,0,24,16,21.5
19/09/2022 4:50 PM,0,27,17,21.4
19/09/2022 4:55 PM,0,24,16,21.4
19/09/2022 5:00 PM,0,24,16,21.3
19/09/2022 5:05 PM,1,20,15,21.2
19/09/2022 5:10 PM,1,20,15,21
19/09/2022 5:15 PM,0,24,16,20.8
19/09/2022 5:20 PM,0,24,16,20.8
19/09/2022 5:25 PM,0,24,16,20.8
19/09/2022 5:30 PM,0,24,16,20.9
19/09/2022 5:35 PM,0,24,16,20.9
19/09/2022 5:40 PM,1,20,15,20.8
19/09/2022 5:45 PM,0,24,16,20.8
19/09/2022 5:50 PM,0,24,16,20.8
19/09/2022 5:55 PM,0,24,16,20.9
19/09/2022 6:00 PM,0,27,17,21
19/09/2022 6:05 PM,0,24,16,21.2
19/09/2022 6:10 PM,0,24,16,21.2
19/09/2022 6:15 PM,0,24,16,21.1
19/09/2022 6:20 PM,1,20,15,21.1
19/09/2022 6:25 PM,1,20,15,21
19/09/2022 6:30 PM,0,24,16,21
19/09/2022 6:35 PM,0,24,16,21
19/09/2022 6:40 PM,1,20,15,21
19/09/2022 6:45 PM,1,20,15,20.9
19/09/2022 6:50 PM,1,20,15,20.8
19/09/2022 6:55 PM,1,20,15,20.8
19/09/2022 7:00 PM,1,20,15,20.7
19/09/2022 7:05 PM,1,20,15,20.7
19/09/2022 7:10 PM,1,20,15,20.5
19/09/2022 7:15 PM,1,20,15,20.4
19/09/2022 7:20 PM,1,20,15,20.3
19/09/2022 7:25 PM,1,20,15,20.2
19/09/2022 7:30 PM,0,20,15,20
19/09/2022 7:35 PM,0,20,15,19.8
19/09/2022 7:40 PM,0,20,15,19.5
19/09/2022 7:45 PM,0,20,15,19.2
19/09/2022 7:50 PM,0,20,15,19.1
19/09/2022 7:55 PM,0,20,15,18.9
19/09/2022 8:00 PM,0,20,15,18.8
19/09/2022 8:05 PM,0,20,15,18.7
19/09/2022 8:10 PM,0,20,15,18.5
19/09/2022 8:15 PM,0,20,15,18.4
19/09/2022 8:20 PM,0,20,15,18.2
19/09/2022 8:25 PM,0,20,15,18
19/09/2022 8:30 PM,0,20,15,17.9
19/09/2022 8:35 PM,0,20,15,17.8
19/09/2022 8:40 PM,0,20,15,17.7
19/09/2022 8:45 PM,0,20,15,17.7
19/09/2022 8:50 PM,0,20,15,17.6
19/09/2022 8:55 PM,0,20,15,17.5
19/09/2022 9:00 PM,0,20,15,17.4
19/09/2022 9:05 PM,0,20,15,17.4
19/09/2022 9:10 PM,0,20,15,17.3
19/09/2022 9:15 PM,0,20,15,17.3
19/09/2022 9:20 PM,0,20,15,17.2
19/09/2022 9:25 PM,0,20,15,17.1
19/09/2022 9:30 PM,0,20,15,17
19/09/2022 9:35 PM,0,20,15,16.9
19/09/2022 9:40 PM,0,20,15,16.9
19/09/2022 9:45 PM,0,20,15,16.8
19/09/2022 9:50 PM,0,20,15,16.8
19/09/2022 9:55 PM,0,20,15,16.7
19/09/2022 10:00 PM,0,20,15,16.5
19/09/2022 10:05 PM,0,20,15,16.5
19/09/2022 10:10 PM,0,20,15,16.3
19/09/2022 10:15 PM,0,20,15,16.3
19/09/2022 10:20 PM,0,20,15,16.4
19/09/2022 10:25 PM,0,20,15,16.3
19/09/2022 10:30 PM,0,20,15,16.2
19/09/2022 10:35 PM,0,20,15,16.2
19/09/2022 10:40 PM,0,20,15,16.2
19/09/2022 10:45 PM,0,20,15,16.1
19/09/2022 10:50 PM,0,20,15,16
19/09/2022 10:55 PM,0,20,15,16
19/09/2022 11:00 PM,0,20,15,15.9
19/09/2022 11:05 PM,0,20,15,15.9
19/09/2022 11:10 PM,0,20,15,15.9
19/09/2022 11:15 PM,0,20,15,15.9
19/09/2022 11:20 PM,0,20,15,16.1
19/09/2022 11:25 PM,0,20,15,16.2
19/09/2022 11:30 PM,0,20,15,16.2
19/09/2022 11:35 PM,0,20,15,16.2
19/09/2022 11:40 PM,0,20,15,16.3
19/09/2022 11:45 PM,0,20,15,16.2
19/09/2022 11:50 PM,0,20,15,16.2
19/09/2022 11:55 PM,0,20,15,16.2
20/09/2022 12:00 AM,0,20,15,16.2
20/09/2022 12:05 AM,0,20,15,16.3
20/09/2022 12:10 AM,0,20,15,16.2
20/09/2022 12:15 AM,0,20,15,16.2
20/09/2022 12:20 AM,0,20,15,16.2
20/09/2022 12:25 AM,0,20,15,16.1
20/09/2022 12:30 AM,0,20,15,16.1
20/09/2022 12:35 AM,0,20,15,16.1
20/09/2022 12:40 AM,0,20,15,16.1
20/09/2022 12:45 AM,0,20,15,16.1
20/09/2022 12:50 AM,0,20,15,16.1
20/09/2022 12:55 AM,0,20,15,16.2
20/09/2022 1:00 AM,0,20,15,16.2
20/09/2022 1:05 AM,0,20,15,16.2
20/09/2022 1:10 AM,0,20,15,16.3
20/09/2022 1:15 AM,0,20,15,16.3
20/09/2022 1:20 AM,0,20,15,16.3
20/09/2022 1:25 AM,0,20,15,16.2
20/09/2022 1:30 AM,0,20,15,16.2
20/09/2022 1:35 AM,0,20,15,16.1
20/09/2022 1:40 AM,0,20,15,16.1
20/09/2022 1:45 AM,0,20,15,16.1
20/09/2022 1:50 AM,0,20,15,16
20/09/2022 1:55 AM,0,20,15,16
20/09/2022 2:00 AM,0,20,15,15.9
20/09/2022 2:05 AM,0,20,15,15.9
20/09/2022 2:10 AM,0,20,15,15.9
20/09/2022 2:15 AM,0,20,15,15.9
20/09/2022 2:20 AM,0,20,15,15.9
20/09/2022 2:25 AM,0,20,15,15.9
20/09/2022 2:30 AM,0,20,15,15.9
20/09/2022 2:35 AM,0,20,15,15.9
20/09/2022 2:40 AM,0,20,15,15.9
20/09/2022 2:45 AM,0,20,15,15.9
20/09/2022 2:50 AM,0,20,15,15.8
20/09/2022 2:55 AM,0,20,15,15.8
20/09/2022 3:00 AM,0,20,15,15.8
20/09/2022 3:05 AM,0,20,15,15.8
20/09/2022 3:10 AM,0,20,15,15.7
20/09/2022 3:15 AM,0,20,15,15.7
20/09/2022 3:20 AM,0,20,15,15.7
20/09/2022 3:25 AM,0,20,15,15.7
20/09/2022 3:30 AM,0,20,15,15.7
20/09/2022 3:35 AM,0,20,15,15.7
20/09/2022 3:40 AM,0,20,15,15.7
20/09/2022 3:45 AM,0,20,15,15.7
20/09/2022 3:50 AM,0,20,15,15.7
20/09/2022 3:55 AM,0,20,15,15.6
20/09/2022 4:00 AM,0,20,15,15.6
20/09/2022 4:05 AM,0,20,15,15.6
20/09/2022 4:10 AM,0,20,15,15.6
20/09/2022 4:15 AM,0,20,15,15.5
20/09/2022 4:20 AM,0,20,15,15.5
20/09/2022 4:25 AM,0,20,15,15.5
20/09/2022 4:30 AM,0,20,15,15.4
20/09/2022 4:35 AM,0,20,15,15.5
20/09/2022 4:40 AM,0,20,15,15.4
20/09/2022 4:45 AM,0,20,15,15.4
20/09/2022 4:50 AM,0,20,15,15.4
20/09/2022 4:55 AM,0,20,15,15.5
20/09/2022 5:00 AM,0,20,15,15.5
20/09/2022 5:05 AM,0,20,15,15.6
20/09/2022 5:10 AM,0,20,15,15.6
20/09/2022 5:15 AM,0,20,15,15.9
20/09/2022 5:20 AM,0,20,15,16
20/09/2022 5:25 AM,0,20,15,16.1
20/09/2022 5:30 AM,0,20,15,16.1
20/09/2022 5:35 AM,0,20,15,16.2
20/09/2022 5:40 AM,0,20,15,16.4
20/09/2022 5:45 AM,0,20,15,16.5
20/09/2022 5:50 AM,0,20,15,16.6
20/09/2022 5:55 AM,0,20,15,16.7
20/09/2022 6:00 AM,0,20,15,16.8
20/09/2022 6:05 AM,0,20,15,16.8
20/09/2022 6:10 AM,0,20,15,16.6
20/09/2022 6:15 AM,0,20,15,16.4
20/09/2022 6:20 AM,0,20,15,16.2
20/09/2022 6:25 AM,0,20,15,16
20/09/2022 6:30 AM,0,20,15,16
20/09/2022 6:35 AM,0,20,15,16
20/09/2022 6:40 AM,0,20,15,16
20/09/2022 6:45 AM,0,20,15,15.9
20/09/2022 6:50 AM,0,20,15,15.9
20/09/2022 6:55 AM,0,20,15,15.9
20/09/2022 7:00 AM,0,20,15,16
20/09/2022 7:05 AM,0,20,15,16.2
20/09/2022 7:10 AM,0,20,15,16.4
20/09/2022 7:15 AM,0,20,15,16.5
20/09/2022 7:20 AM,0,20,15,16.6
20/09/2022 7:25 AM,0,20,15,16.7
20/09/2022 7:30 AM,0,20,15,16.7
20/09/2022 7:35 AM,0,20,15,16.8
20/09/2022 7:40 AM,0,20,15,16.8
20/09/2022 7:45 AM,0,20,15,16.9
20/09/2022 7:50 AM,0,20,15,16.9
20/09/2022 7:55 AM,0,20,15,16.9
20/09/2022 8:00 AM,0,20,15,17
20/09/2022 8:05 AM,0,20,15,17.1
20/09/2022 8:10 AM,0,20,15,17.3
20/09/2022 8:15 AM,0,20,15,17.3
20/09/2022 8:20 AM,0,20,15,17.3
20/09/2022 8:25 AM,0,20,15,17.4
20/09/2022 8:30 AM,0,20,15,17.4
20/09/2022 8:35 AM,0,20,15,17.4
20/09/2022 8:40 AM,0,20,15,17.4
20/09/2022 8:45 AM,0,20,15,17
20/09/2022 8:50 AM,0,20,15,17
20/09/2022 8:55 AM,0,20,15,17
20/09/2022 9:00 AM,0,24,16,17.3
20/09/2022 9:05 AM,0,24,16,17.4
20/09/2022 9:10 AM,0,24,16,18
20/09/2022 9:15 AM,0,24,16,18.2
20/09/2022 9:20 AM,0,24,16,18.4
20/09/2022 9:25 AM,0,24,16,18.6
20/09/2022 9:30 AM,0,24,16,18.7
20/09/2022 9:35 AM,0,27,17,18.8
20/09/2022 9:40 AM,0,27,17,18.9
20/09/2022 9:45 AM,0,27,17,19
20/09/2022 9:50 AM,0,27,17,19.2
20/09/2022 9:55 AM,0,27,17,19.4
20/09/2022 10:00 AM,0,27,17,19.7
20/09/2022 10:05 AM,0,27,17,19.7
20/09/2022 10:10 AM,0,27,17,19.9
20/09/2022 10:15 AM,0,27,17,19.9
20/09/2022 10:20 AM,0,28,18,19.7
20/09/2022 10:25 AM,0,27,17,19.2
20/09/2022 10:30 AM,0,27,17,19.2
20/09/2022 10:35 AM,0,27,17,19.3
20/09/2022 10:40 AM,0,28,18,19.8
20/09/2022 10:45 AM,0,27,17,19.8
20/09/2022 10:50 AM,0,27,17,19.8
20/09/2022 10:55 AM,0,27,17,19.7
20/09/2022 11:00 AM,0,27,17,19.9
20/09/2022 11:05 AM,0,27,17,20.1
20/09/2022 11:10 AM,0,27,17,20
20/09/2022 11:15 AM,0,27,17,20
20/09/2022 11:20 AM,0,27,17,20
20/09/2022 11:25 AM,0,27,17,20.1
20/09/2022 11:30 AM,0,27,17,20.1
20/09/2022 11:35 AM,0,27,17,20.2
20/09/2022 11:40 AM,0,27,17,20.4
20/09/2022 11:45 AM,0,28,18,20.8
20/09/2022 11:50 AM,0,28,18,20.9
20/09/2022 11:55 AM,0,28,18,21.3
20/09/2022 12:00 PM,0,28,18,21.5
20/09/2022 12:05 PM,0,28,18,20.1
20/09/2022 12:10 PM,0,28,18,19.3
20/09/2022 12:15 PM,0,28,18,19.8
20/09/2022 12:20 PM,0,28,18,20.6
20/09/2022 12:25 PM,0,28,18,21.5
20/09/2022 12:30 PM,0,28,18,22.1
20/09/2022 12:35 PM,0,28,18,22.2
20/09/2022 12:40 PM,0,28,18,22.5
20/09/2022 12:45 PM,0,28,18,22.8
20/09/2022 12:50 PM,0,28,18,22.7
20/09/2022 12:55 PM,0,28,18,22.3
20/09/2022 1:00 PM,0,27,17,22
20/09/2022 1:05 PM,0,27,17,21.8
20/09/2022 1:10 PM,0,28,18,22.3
20/09/2022 1:15 PM,0,28,18,22.8
20/09/2022 1:20 PM,0,28,18,23
20/09/2022 1:25 PM,0,28,18,23.1
20/09/2022 1:30 PM,0,28,18,22.9
20/09/2022 1:35 PM,0,28,18,22.7
20/09/2022 1:40 PM,0,28,18,22.5
20/09/2022 1:45 PM,0,28,19,22.6
20/09/2022 1:50 PM,0,28,19,22.8
20/09/2022 1:55 PM,0,28,19,23
20/09/2022 2:00 PM,0,28,19,23.1
20/09/2022 2:05 PM,0,28,19,23.3
20/09/2022 2:10 PM,0,28,19,23.4
20/09/2022 2:15 PM,0,28,19,23.2
20/09/2022 2:20 PM,0,28,19,23.2
20/09/2022 2:25 PM,0,28,19,23.3
20/09/2022 2:30 PM,0,28,19,23.3
20/09/2022 2:35 PM,0,28,19,23.2
20/09/2022 2:40 PM,0,28,19,23.2
20/09/2022 2:45 PM,0,28,19,23.2
20/09/2022 2:50 PM,0,28,19,23.1
20/09/2022 2:55 PM,0,28,19,23.1
20/09/2022 3:00 PM,0,28,19,23.2
20/09/2022 3:05 PM,0,28,19,23.2
20/09/2022 3:10 PM,0,28,19,23.4
20/09/2022 3:15 PM,0,28,19,23.2
20/09/2022 3:20 PM,0,28,19,23.3
20/09/2022 3:25 PM,0,28,18,22.9
20/09/2022 3:30 PM,0,28,19,22.8
20/09/2022 3:35 PM,0,28,18,22.6
20/09/2022 3:40 PM,0,28,18,22.9
20/09/2022 3:45 PM,0,28,18,22.8
20/09/2022 3:50 PM,0,28,18,22.6
20/09/2022 3:55 PM,0,28,18,22.5
20/09/2022 4:00 PM,0,28,18,22.5
20/09/2022 4:05 PM,0,28,18,22.4
20/09/2022 4:10 PM,0,28,18,22.4
20/09/2022 4:15 PM,0,28,18,22.6
20/09/2022 4:20 PM,0,28,18,22.5
20/09/2022 4:25 PM,0,28,18,22.1
20/09/2022 4:30 PM,0,28,18,22.1
20/09/2022 4:35 PM,0,27,17,22.1
20/09/2022 4:40 PM,0,27,17,22.2
20/09/2022 4:45 PM,0,27,17,22.2
20/09/2022 4:50 PM,0,27,17,22.3
20/09/2022 4:55 PM,0,27,17,22.3
20/09/2022 5:00 PM,0,27,17,22.4
20/09/2022 5:05 PM,0,27,17,22.3
20/09/2022 5:10 PM,0,27,17,22.4
20/09/2022 5:15 PM,0,27,17,22.4
20/09/2022 5:20 PM,0,27,17,22.4
20/09/2022 5:25 PM,0,27,17,22.3
20/09/2022 5:30 PM,0,27,17,22.2
20/09/2022 5:35 PM,0,27,17,22.1
20/09/2022 5:40 PM,0,27,17,22
20/09/2022 5:45 PM,0,24,16,21.9
20/09/2022 5:50 PM,0,24,16,21.9
20/09/2022 5:55 PM,0,24,16,21.9
20/09/2022 6:00 PM,0,24,16,21.9
20/09/2022 6:05 PM,0,24,16,21.9
20/09/2022 6:10 PM,0,24,16,21.9
20/09/2022 6:15 PM,0,24,16,21.8
20/09/2022 6:20 PM,0,24,16,21.8
20/09/2022 6:25 PM,0,24,16,21.8
20/09/2022 6:30 PM,0,24,16,21.8
20/09/2022 6:35 PM,1,20,15,21.9
20/09/2022 6:40 PM,1,20,15,21.8
20/09/2022 6:45 PM,1,20,15,21.8
20/09/2022 6:50 PM,1,20,15,21.7
20/09/2022 6:55 PM,1,20,15,21.7
20/09/2022 7:00 PM,1,20,15,21.7
20/09/2022 7:05 PM,1,20,15,21.6
20/09/2022 7:10 PM,1,20,15,21.5
20/09/2022 7:15 PM,1,20,15,21.5
20/09/2022 7:20 PM,1,20,15,21.4
20/09/2022 7:25 PM,1,20,15,21.3
20/09/2022 7:30 PM,1,20,15,21.2
20/09/2022 7:35 PM,1,20,15,21
20/09/2022 7:40 PM,1,20,15,20.9
20/09/2022 7:45 PM,1,20,15,20.8
20/09/2022 7:50 PM,1,20,15,20.7
20/09/2022 7:55 PM,1,20,15,20.5
20/09/2022 8:00 PM,1,20,15,20.4
20/09/2022 8:05 PM,1,20,15,20.3
20/09/2022 8:10 PM,0,20,15,19.8
20/09/2022 8:15 PM,0,20,15,19.3
20/09/2022 8:20 PM,0,20,15,19.1
20/09/2022 8:25 PM,0,20,15,18.9
20/09/2022 8:30 PM,0,20,15,18.8
20/09/2022 8:35 PM,0,20,15,18.6
20/09/2022 8:40 PM,0,20,15,18.5
20/09/2022 8:45 PM,0,20,15,18.3
20/09/2022 8:50 PM,0,20,15,18.3
20/09/2022 8:55 PM,0,20,15,18.1
20/09/2022 9:00 PM,0,20,15,18.1
20/09/2022 9:05 PM,0,20,15,18
20/09/2022 9:10 PM,0,20,15,18
20/09/2022 9:15 PM,0,20,15,18
20/09/2022 9:20 PM,0,20,15,18
20/09/2022 9:25 PM,0,20,15,18
20/09/2022 9:30 PM,0,20,15,17.9
20/09/2022 9:35 PM,0,20,15,17.8
20/09/2022 9:40 PM,0,20,15,17.7
20/09/2022 9:45 PM,0,20,15,17.6
20/09/2022 9:50 PM,0,20,15,17.5
20/09/2022 9:55 PM,0,20,15,17.5
20/09/2022 10:00 PM,0,20,15,17.4
20/09/2022 10:05 PM,0,20,15,17.3
20/09/2022 10:10 PM,0,20,15,17.1
20/09/2022 10:15 PM,0,20,15,17
20/09/2022 10:20 PM,0,20,15,17
20/09/2022 10:25 PM,0,20,15,16.9
20/09/2022 10:30 PM,0,20,15,16.8
20/09/2022 10:35 PM,0,20,15,16.7
20/09/2022 10:40 PM,0,20,15,16.6
20/09/2022 10:45 PM,0,20,15,16.4
20/09/2022 10:50 PM,0,20,15,16.3
20/09/2022 10:55 PM,0,20,15,16.2
20/09/2022 11:00 PM,0,20,15,16.2
20/09/2022 11:05 PM,0,20,15,16.1
20/09/2022 11:10 PM,0,20,15,16
20/09/2022 11:15 PM,0,20,15,15.9
20/09/2022 11:20 PM,0,20,15,15.9
20/09/2022 11:25 PM,0,20,15,15.9
20/09/2022 11:30 PM,0,20,15,15.9
20/09/2022 11:35 PM,0,20,15,15.9
20/09/2022 11:40 PM,0,20,15,15.9
20/09/2022 11:45 PM,0,20,15,15.9
20/09/2022 11:50 PM,0,20,15,15.9
20/09/2022 11:55 PM,0,20,15,15.9
21/09/2022 12:00 AM,0,20,15,15.9
21/09/2022 12:05 AM,0,20,15,15.8
21/09/2022 12:10 AM,0,20,15,15.8
21/09/2022 12:15 AM,0,20,15,15.8
21/09/2022 12:20 AM,0,20,15,15.7
21/09/2022 12:25 AM,0,20,15,15.7
21/09/2022 12:30 AM,0,20,15,15.6
21/09/2022 12:35 AM,0,20,15,15.6
21/09/2022 12:40 AM,0,20,15,15.6
21/09/2022 12:45 AM,0,20,15,15.5
21/09/2022 12:50 AM,0,20,15,15.4
21/09/2022 12:55 AM,0,20,15,15.3
21/09/2022 1:00 AM,0,20,15,15.3
21/09/2022 1:05 AM,0,20,15,15.3
21/09/2022 1:10 AM,0,20,15,15.3
21/09/2022 1:15 AM,0,20,15,15.2
21/09/2022 1:20 AM,0,20,15,15.2
21/09/2022 1:25 AM,0,20,15,15.2
21/09/2022 1:30 AM,0,20,15,15.3
21/09/2022 1:35 AM,0,20,15,15.3
21/09/2022 1:40 AM,0,20,15,15.2
21/09/2022 1:45 AM,0,20,15,15.2
21/09/2022 1:50 AM,0,20,15,15.3
21/09/2022 1:55 AM,0,20,15,15.3
21/09/2022 2:00 AM,0,20,15,15.3
21/09/2022 2:05 AM,0,20,15,15.4
21/09/2022 2:10 AM,0,20,15,15.4
21/09/2022 2:15 AM,0,20,15,15.2
21/09/2022 2:20 AM,0,20,15,15.2
21/09/2022 2:25 AM,0,20,15,15.2
21/09/2022 2:30 AM,0,20,15,15.2
21/09/2022 2:35 AM,0,20,15,15.2
21/09/2022 2:40 AM,0,20,15,15.1
21/09/2022 2:45 AM,0,20,15,15.1
21/09/2022 2:50 AM,0,20,15,15.2
21/09/2022 2:55 AM,0,20,15,15.2
21/09/2022 3:00 AM,0,20,15,15.2
21/09/2022 3:05 AM,0,20,15,15.3
21/09/2022 3:10 AM,0,20,15,15.3
21/09/2022 3:15 AM,0,20,15,15.4
21/09/2022 3:20 AM,0,20,15,15.4
21/09/2022 3:25 AM,0,20,15,15.5
21/09/2022 3:30 AM,0,20,15,15.4
21/09/2022 3:35 AM,0,20,15,15.3
21/09/2022 3:40 AM,0,20,15,15.3
21/09/2022 3:45 AM,0,20,15,15.3
21/09/2022 3:50 AM,0,20,15,15.4
21/09/2022 3:55 AM,0,20,15,15.4
21/09/2022 4:00 AM,0,20,15,15.4
21/09/2022 4:05 AM,0,20,15,15.4
21/09/2022 4:10 AM,0,20,15,15.4
21/09/2022 4:15 AM,0,20,15,15.5
21/09/2022 4:20 AM,0,20,15,15.6
21/09/2022 4:25 AM,0,20,15,15.6
21/09/2022 4:30 AM,0,20,15,15.6
21/09/2022 4:35 AM,0,20,15,15.7
21/09/2022 4:40 AM,0,20,15,15.8
21/09/2022 4:45 AM,0,20,15,15.8
21/09/2022 4:50 AM,0,20,15,15.9
21/09/2022 4:55 AM,0,20,15,16.1
21/09/2022 5:00 AM,0,20,15,16.2
21/09/2022 5:05 AM,0,20,15,16.2
21/09/2022 5:10 AM,0,20,15,16.2
21/09/2022 5:15 AM,0,20,15,16.3
21/09/2022 5:20 AM,0,20,15,16.4
21/09/2022 5:25 AM,0,20,15,16.4
21/09/2022 5:30 AM,0,20,15,16.4
21/09/2022 5:35 AM,0,20,15,16.6
21/09/2022 5:40 AM,0,20,15,16.7
21/09/2022 5:45 AM,0,20,15,16.7
21/09/2022 5:50 AM,0,20,15,16.7
21/09/2022 5:55 AM,0,20,15,16.5
21/09/2022 6:00 AM,0,20,15,16.4
21/09/2022 6:05 AM,0,20,15,16.2
21/09/2022 6:10 AM,0,20,15,16.2
21/09/2022 6:15 AM,0,20,15,16.2
21/09/2022 6:20 AM,0,20,15,16.2
21/09/2022 6:25 AM,0,20,15,16.2
21/09/2022 6:30 AM,0,20,15,16.1
21/09/2022 6:35 AM,0,20,15,16
21/09/2022 6:40 AM,0,20,15,16.1
21/09/2022 6:45 AM,0,20,15,16
21/09/2022 6:50 AM,0,20,15,16.1
21/09/2022 6:55 AM,0,20,15,16.3
21/09/2022 7:00 AM,0,20,15,16.4
21/09/2022 7:05 AM,0,20,15,16.5
21/09/2022 7:10 AM,0,20,15,16.5
21/09/2022 7:15 AM,0,20,15,16.7
21/09/2022 7:20 AM,0,20,15,16.7
21/09/2022 7:25 AM,0,20,15,16.8
21/09/2022 7:30 AM,0,20,15,16.9
21/09/2022 7:35 AM,0,20,15,16.9
21/09/2022 7:40 AM,0,20,15,17
21/09/2022 7:45 AM,0,20,15,17.2
21/09/2022 7:50 AM,0,20,15,17.2
21/09/2022 7:55 AM,0,20,15,17.1
21/09/2022 8:00 AM,0,20,15,17.1
21/09/2022 8:05 AM,0,20,15,17.3
21/09/2022 8:10 AM,0,20,15,17.3
21/09/2022 8:15 AM,0,20,15,17.3
21/09/2022 8:20 AM,0,20,15,17.4
21/09/2022 8:25 AM,0,20,15,17.5
21/09/2022 8:30 AM,0,20,15,17.6
21/09/2022 8:35 AM,0,20,15,17.6
21/09/2022 8:40 AM,0,20,15,17.7
21/09/2022 8:45 AM,0,20,15,17.6
21/09/2022 8:50 AM,0,24,16,17.8
21/09/2022 8:55 AM,0,24,16,18
21/09/2022 9:00 AM,0,27,17,18
21/09/2022 9:05 AM,0,27,17,17.7
21/09/2022 9:10 AM,0,27,17,17.6
21/09/2022 9:15 AM,0,27,17,17.7
21/09/2022 9:20 AM,0,27,17,17.7
21/09/2022 9:25 AM,0,27,17,17.5
21/09/2022 9:30 AM,0,27,17,17.4
21/09/2022 9:35 AM,0,27,17,17.7
21/09/2022 9:40 AM,0,27,17,18.1
21/09/2022 9:45 AM,0,27,17,18.1
21/09/2022 9:50 AM,0,27,17,17.8
21/09/2022 9:55 AM,0,27,17,17.9
21/09/2022 10:00 AM,0,27,17,18
21/09/2022 10:05 AM,0,27,17,18.1
21/09/2022 10:10 AM,0,27,17,18.2
21/09/2022 10:15 AM,0,27,17,18.1
21/09/2022 10:20 AM,0,27,17,18.5
21/09/2022 10:25 AM,0,27,17,18.1
21/09/2022 10:30 AM,0,27,17,18.3
21/09/2022 10:35 AM,0,27,17,18.5
21/09/2022 10:40 AM,0,27,17,18.2
21/09/2022 10:45 AM,0,27,17,18.7
21/09/2022 10:50 AM,0,27,17,18.6
21/09/2022 10:55 AM,0,27,17,18.7
21/09/2022 11:00 AM,0,27,17,18.7
21/09/2022 11:05 AM,0,27,17,19.4
21/09/2022 11:10 AM,0,27,17,19.8
21/09/2022 11:15 AM,0,27,17,19.7
21/09/2022 11:20 AM,0,28,18,19.4
21/09/2022 11:25 AM,0,28,18,19.5
21/09/2022 11:30 AM,0,28,18,20
21/09/2022 11:35 AM,0,28,18,20.2
21/09/2022 11:40 AM,0,28,18,20.1
21/09/2022 11:45 AM,0,28,18,20.4
21/09/2022 11:50 AM,0,28,18,20.2
21/09/2022 11:55 AM,0,28,19,20.1
21/09/2022 12:00 PM,0,28,19,20.6
21/09/2022 12:05 PM,0,28,19,20.8
21/09/2022 12:10 PM,0,28,19,20.8
21/09/2022 12:15 PM,0,28,19,21.2
21/09/2022 12:20 PM,0,28,18,21.9
21/09/2022 12:25 PM,0,28,18,21.9
21/09/2022 12:30 PM,0,28,18,20.9
21/09/2022 12:35 PM,0,28,18,21.3
21/09/2022 12:40 PM,0,28,18,21.8
21/09/2022 12:45 PM,0,28,19,22.1
21/09/2022 12:50 PM,0,28,19,22.2
21/09/2022 12:55 PM,0,28,19,20.8
21/09/2022 1:00 PM,0,28,19,21
21/09/2022 1:05 PM,0,28,19,21.4
21/09/2022 1:10 PM,0,28,19,21.4
21/09/2022 1:15 PM,0,28,18,21.8
21/09/2022 1:20 PM,0,28,18,22.1
21/09/2022 1:25 PM,0,28,19,21.6
21/09/2022 1:30 PM,0,28,19,21.3
21/09/2022 1:35 PM,0,28,19,20.9
21/09/2022 1:40 PM,0,28,19,20.9
21/09/2022 1:45 PM,0,28,19,21
21/09/2022 1:50 PM,0,28,19,21.6
21/09/2022 1:55 PM,0,28,19,22.2
21/09/2022 2:00 PM,0,32,20,22.1
21/09/2022 2:05 PM,0,28,19,20.9
21/09/2022 2:10 PM,0,28,19,20.9
21/09/2022 2:15 PM,0,28,19,20.8
21/09/2022 2:20 PM,0,28,19,21.1
21/09/2022 2:25 PM,0,28,19,21.2
21/09/2022 2:30 PM,0,28,19,20.6
21/09/2022 2:35 PM,0,28,19,20.3
21/09/2022 2:40 PM,0,28,18,20.6
21/09/2022 2:45 PM,0,28,18,20.8
21/09/2022 2:50 PM,0,28,18,20.8
21/09/2022 2:55 PM,0,28,18,20.8
21/09/2022 3:00 PM,0,28,18,20.8
21/09/2022 3:05 PM,0,27,17,20.6
21/09/2022 3:10 PM,0,27,17,20.5
21/09/2022 3:15 PM,0,27,17,20.5
21/09/2022 3:20 PM,0,27,17,20.7
21/09/2022 3:25 PM,0,27,17,20.8
21/09/2022 3:30 PM,0,27,17,20.9
21/09/2022 3:35 PM,0,27,17,21
21/09/2022 3:40 PM,0,27,17,21
21/09/2022 3:45 PM,0,27,17,21
21/09/2022 3:50 PM,0,27,17,21.2
21/09/2022 3:55 PM,0,27,17,21.2
21/09/2022 4:00 PM,0,27,17,21.1
21/09/2022 4:05 PM,0,27,17,21
21/09/2022 4:10 PM,0,27,17,21
21/09/2022 4:15 PM,0,27,17,21
21/09/2022 4:20 PM,0,27,17,21
21/09/2022 4:25 PM,0,27,17,21.1
21/09/2022 4:30 PM,0,27,17,21.2
21/09/2022 4:35 PM,0,27,17,21.4
21/09/2022 4:40 PM,0,27,17,21.7
21/09/2022 4:45 PM,0,27,17,21.6
21/09/2022 4:50 PM,0,27,17,21.4
21/09/2022 4:55 PM,0,27,17,21.4
21/09/2022 5:00 PM,0,27,17,21.4
21/09/2022 5:05 PM,0,27,17,21.6
21/09/2022 5:10 PM,0,27,17,21.8
21/09/2022 5:15 PM,0,27,17,22.1
21/09/2022 5:20 PM,0,27,17,22.1
21/09/2022 5:25 PM,0,27,17,22.2
21/09/2022 5:30 PM,0,27,17,22.2
21/09/2022 5:35 PM,0,24,16,22
21/09/2022 5:40 PM,0,24,16,22
21/09/2022 5:45 PM,1,20,15,21.6
21/09/2022 5:50 PM,1,20,15,21.6
21/09/2022 5:55 PM,0,24,16,21.6
21/09/2022 6:00 PM,0,24,16,21.4
21/09/2022 6:05 PM,0,24,16,21.5
21/09/2022 6:10 PM,0,24,16,21.5
21/09/2022 6:15 PM,1,20,15,21.6
21/09/2022 6:20 PM,1,20,15,21.6
21/09/2022 6:25 PM,1,20,15,21.6
21/09/2022 6:30 PM,1,20,15,21.6
21/09/2022 6:35 PM,1,20,15,21.6
21/09/2022 6:40 PM,1,20,15,21.5
21/09/2022 6:45 PM,1,20,15,21.4
21/09/2022 6:50 PM,1,20,15,21.3
21/09/2022 6:55 PM,1,20,15,21.3
21/09/2022 7:00 PM,1,20,15,21.2
21/09/2022 7:05 PM,1,20,15,21.1
21/09/2022 7:10 PM,1,20,15,21
21/09/2022 7:15 PM,1,20,15,21
21/09/2022 7:20 PM,1,20,15,20.8
21/09/2022 7:25 PM,1,20,15,20.7
21/09/2022 7:30 PM,1,20,15,20.6
21/09/2022 7:35 PM,1,20,15,20.5
21/09/2022 7:40 PM,1,20,15,20.4
21/09/2022 7:45 PM,1,20,15,20.3
21/09/2022 7:50 PM,1,20,15,20.1
21/09/2022 7:55 PM,0,20,15,19.9
21/09/2022 8:00 PM,0,20,15,19.8
21/09/2022 8:05 PM,0,20,15,19.7
21/09/2022 8:10 PM,0,20,15,19.6
21/09/2022 8:15 PM,0,20,15,19.4
21/09/2022 8:20 PM,0,20,15,19.1
21/09/2022 8:25 PM,0,20,15,18.9
21/09/2022 8:30 PM,0,20,15,18.8
21/09/2022 8:35 PM,0,20,15,18.7
21/09/2022 8:40 PM,0,20,15,18.5
21/09/2022 8:45 PM,0,20,15,18.3
21/09/2022 8:50 PM,0,20,15,18.2
21/09/2022 8:55 PM,0,20,15,18
21/09/2022 9:00 PM,0,20,15,17.9
21/09/2022 9:05 PM,0,20,15,17.8
21/09/2022 9:10 PM,0,20,15,17.8
21/09/2022 9:15 PM,0,20,15,17.6
21/09/2022 9:20 PM,0,20,15,17.5
21/09/2022 9:25 PM,0,20,15,17.5
21/09/2022 9:30 PM,0,20,15,17.4
21/09/2022 9:35 PM,0,20,15,17.3
21/09/2022 9:40 PM,0,20,15,17.2
21/09/2022 9:45 PM,0,20,15,16.9
21/09/2022 9:50 PM,0,20,15,16.9
21/09/2022 9:55 PM,0,20,15,16.9
21/09/2022 10:00 PM,0,20,15,16.7
21/09/2022 10:05 PM,0,20,15,16.7
21/09/2022 10:10 PM,0,20,15,16.6
21/09/2022 10:15 PM,0,20,15,16.7
21/09/2022 10:20 PM,0,20,15,16.5
21/09/2022 10:25 PM,0,20,15,16.4
21/09/2022 10:30 PM,0,20,15,16.2
21/09/2022 10:35 PM,0,20,15,16.1
21/09/2022 10:40 PM,0,20,15,16.1
21/09/2022 10:45 PM,0,20,15,16
21/09/2022 10:50 PM,0,20,15,16
21/09/2022 10:55 PM,0,20,15,15.9
21/09/2022 11:00 PM,0,20,15,15.8
21/09/2022 11:05 PM,0,20,15,15.6
21/09/2022 11:10 PM,0,20,15,15.6
21/09/2022 11:15 PM,0,20,15,15.5
21/09/2022 11:20 PM,0,20,15,15.5
21/09/2022 11:25 PM,0,20,15,15.5
21/09/2022 11:30 PM,0,20,15,15.5
21/09/2022 11:35 PM,0,20,15,15.4
21/09/2022 11:40 PM,0,20,15,15.3
21/09/2022 11:45 PM,0,20,15,15.3
21/09/2022 11:50 PM,0,20,15,15.2
21/09/2022 11:55 PM,0,20,15,15.2
22/09/2022 12:00 AM,0,20,15,15.1
22/09/2022 12:05 AM,0,20,15,15.1
22/09/2022 12:10 AM,0,20,15,15
22/09/2022 12:15 AM,0,20,15,15
22/09/2022 12:20 AM,1,20,15,14.9
22/09/2022 12:25 AM,1,20,15,14.9
22/09/2022 12:30 AM,1,20,15,14.8
22/09/2022 12:35 AM,1,20,15,14.8
22/09/2022 12:40 AM,1,20,15,14.8
22/09/2022 12:45 AM,1,20,15,14.7
22/09/2022 12:50 AM,1,20,15,14.6
22/09/2022 12:55 AM,1,20,15,14.6
22/09/2022 1:00 AM,1,20,15,14.5
22/09/2022 1:05 AM,1,20,15,14.5
22/09/2022 1:10 AM,1,20,15,14.4
22/09/2022 1:15 AM,1,20,15,14.4
22/09/2022 1:20 AM,1,20,15,14.4
22/09/2022 1:25 AM,1,20,15,14.4
22/09/2022 1:30 AM,1,20,15,14.4
22/09/2022 1:35 AM,1,20,15,14.3
22/09/2022 1:40 AM,1,20,15,14.3
22/09/2022 1:45 AM,1,20,15,14.3
22/09/2022 1:50 AM,1,20,15,14.3
22/09/2022 1:55 AM,1,20,15,14.4
22/09/2022 2:00 AM,1,20,15,14.5
22/09/2022 2:05 AM,1,20,15,14.7
22/09/2022 2:10 AM,1,20,15,14.8
22/09/2022 2:15 AM,1,20,15,14.9
22/09/2022 2:20 AM,1,20,15,14.8
22/09/2022 2:25 AM,1,20,15,14.7
22/09/2022 2:30 AM,1,20,15,14.7
22/09/2022 2:35 AM,1,20,15,14.8
22/09/2022 2:40 AM,1,20,15,14.9
22/09/2022 2:45 AM,0,20,15,15.1
22/09/2022 2:50 AM,0,20,15,15.1
22/09/2022 2:55 AM,0,20,15,15.1
22/09/2022 3:00 AM,0,20,15,15.1
22/09/2022 3:05 AM,0,20,15,15.1
22/09/2022 3:10 AM,0,20,15,15.2
22/09/2022 3:15 AM,0,20,15,15.2
22/09/2022 3:20 AM,0,20,15,15.1
22/09/2022 3:25 AM,0,20,15,15.2
22/09/2022 3:30 AM,0,20,15,15.2
22/09/2022 3:35 AM,0,20,15,15.2
22/09/2022 3:40 AM,0,20,15,15.2
22/09/2022 3:45 AM,0,20,15,15.2
22/09/2022 3:50 AM,0,20,15,15.2
22/09/2022 3:55 AM,0,20,15,15.2
22/09/2022 4:00 AM,0,20,15,15.3
22/09/2022 4:05 AM,0,20,15,15.3
22/09/2022 4:10 AM,0,20,15,15.2
22/09/2022 4:15 AM,0,20,15,15.3
22/09/2022 4:20 AM,0,20,15,15.3
22/09/2022 4:25 AM,0,20,15,15.2
22/09/2022 4:30 AM,0,20,15,15.2
22/09/2022 4:35 AM,0,20,15,15.2
22/09/2022 4:40 AM,0,20,15,15.2
22/09/2022 4:45 AM,0,20,15,15.2
22/09/2022 4:50 AM,0,20,15,15.2
22/09/2022 4:55 AM,0,20,15,15.2
22/09/2022 5:00 AM,0,20,15,15.2
22/09/2022 5:05 AM,0,20,15,15.3
22/09/2022 5:10 AM,0,20,15,15.2
22/09/2022 5:15 AM,0,20,15,15.3
22/09/2022 5:20 AM,0,20,15,15.3
22/09/2022 5:25 AM,0,20,15,15.2
22/09/2022 5:30 AM,0,20,15,15.2
22/09/2022 5:35 AM,0,20,15,15.2
22/09/2022 5:40 AM,0,20,15,15.2
22/09/2022 5:45 AM,0,20,15,15.2
22/09/2022 5:50 AM,0,20,15,15.3
22/09/2022 5:55 AM,0,20,15,15.2
22/09/2022 6:00 AM,0,20,15,15.2
22/09/2022 6:05 AM,0,20,15,15.2
22/09/2022 6:10 AM,0,20,15,15.2
22/09/2022 6:15 AM,0,20,15,15.2
22/09/2022 6:20 AM,0,20,15,15.3
22/09/2022 6:25 AM,0,20,15,15.2
22/09/2022 6:30 AM,0,20,15,15.2
22/09/2022 6:35 AM,0,20,15,15.1
22/09/2022 6:40 AM,0,20,15,15.1
22/09/2022 6:45 AM,0,20,15,15.1
22/09/2022 6:50 AM,0,20,15,15
22/09/2022 6:55 AM,0,20,15,15
22/09/2022 7:00 AM,0,20,15,15.1
22/09/2022 7:05 AM,0,20,15,15.2
22/09/2022 7:10 AM,0,20,15,15.1
22/09/2022 7:15 AM,0,20,15,15.2
22/09/2022 7:20 AM,0,20,15,15.2
22/09/2022 7:25 AM,0,20,15,15.4
22/09/2022 7:30 AM,0,20,15,15.4
22/09/2022 7:35 AM,0,20,15,15.4
22/09/2022 7:40 AM,0,20,15,15.4
22/09/2022 7:45 AM,0,20,15,15.4
22/09/2022 7:50 AM,0,20,15,15.3
22/09/2022 7:55 AM,0,20,15,15.5
22/09/2022 8:00 AM,0,20,15,15.6
22/09/2022 8:05 AM,0,20,15,15.7
22/09/2022 8:10 AM,0,20,15,15.8
22/09/2022 8:15 AM,0,20,15,15.9
22/09/2022 8:20 AM,0,20,15,16.1
22/09/2022 8:25 AM,0,20,15,15.9
22/09/2022 8:30 AM,0,20,15,16.2
22/09/2022 8:35 AM,0,20,15,16.5
22/09/2022 8:40 AM,0,20,15,16.7
22/09/2022 8:45 AM,0,20,15,16.6
22/09/2022 8:50 AM,0,20,15,16.3
22/09/2022 8:55 AM,0,20,15,16.5
22/09/2022 9:00 AM,0,20,15,16.8
22/09/2022 9:05 AM,0,24,16,17.1
22/09/2022 9:10 AM,0,24,16,17.3
22/09/2022 9:15 AM,0,24,16,17.4
22/09/2022 9:20 AM,0,24,16,17.4
22/09/2022 9:25 AM,0,24,16,17.5
22/09/2022 9:30 AM,0,24,16,17.6
22/09/2022 9:35 AM,0,24,16,17.7
22/09/2022 9:40 AM,0,27,17,18
22/09/2022 9:45 AM,0,27,17,18.4
22/09/2022 9:50 AM,0,27,17,18.6
22/09/2022 9:55 AM,0,27,17,18.8
22/09/2022 10:00 AM,0,27,17,18.5
22/09/2022 10:05 AM,0,27,17,18.5
22/09/2022 10:10 AM,0,27,17,18.6
22/09/2022 10:15 AM,0,27,17,18.9
22/09/2022 10:20 AM,0,28,18,18.8
22/09/2022 10:25 AM,0,28,18,19.1
22/09/2022 10:30 AM,0,28,18,19.1
22/09/2022 10:35 AM,0,28,18,19.3
22/09/2022 10:40 AM,0,28,18,19.3
22/09/2022 10:45 AM,0,28,18,19.3
22/09/2022 10:50 AM,0,28,18,19.4
22/09/2022 10:55 AM,0,28,18,19.5
22/09/2022 11:00 AM,0,28,18,19.7
22/09/2022 11:05 AM,0,28,18,19.2
22/09/2022 11:10 AM,0,28,18,19.1
22/09/2022 11:15 AM,0,28,18,19.3
22/09/2022 11:20 AM,0,28,18,19.6
22/09/2022 11:25 AM,0,28,18,20.1
22/09/2022 11:30 AM,0,28,18,20.5
22/09/2022 11:35 AM,0,28,18,20.7
22/09/2022 11:40 AM,0,28,18,20.8
22/09/2022 11:45 AM,0,28,18,20
22/09/2022 11:50 AM,0,28,18,19.6
22/09/2022 11:55 AM,0,28,19,19.7
22/09/2022 12:00 PM,0,28,19,20.3
22/09/2022 12:05 PM,0,28,19,20.2
22/09/2022 12:10 PM,0,28,19,20.2
22/09/2022 12:15 PM,0,28,19,20.3
22/09/2022 12:20 PM,0,28,18,20.8
22/09/2022 12:25 PM,0,28,18,21.2
22/09/2022 12:30 PM,0,28,18,21.4
22/09/2022 12:35 PM,0,28,18,21.8
22/09/2022 12:40 PM,0,28,18,21.8
22/09/2022 12:45 PM,0,28,19,21.8
22/09/2022 12:50 PM,0,28,19,21.8
22/09/2022 12:55 PM,0,28,19,21.7
22/09/2022 1:00 PM,0,28,19,21.6
22/09/2022 1:05 PM,0,28,19,21.7
22/09/2022 1:10 PM,0,28,19,21.6
22/09/2022 1:15 PM,0,28,19,21.5
22/09/2022 1:20 PM,0,28,18,22.2
22/09/2022 1:25 PM,0,28,19,22.6
22/09/2022 1:30 PM,0,28,19,22.1
22/09/2022 1:35 PM,0,28,19,21.8
22/09/2022 1:40 PM,0,28,19,22.2
22/09/2022 1:45 PM,0,28,19,22.6
22/09/2022 1:50 PM,0,28,19,22.4
22/09/2022 1:55 PM,0,28,19,22.2
22/09/2022 2:00 PM,0,28,19,22.6
22/09/2022 2:05 PM,0,28,19,22.9
22/09/2022 2:10 PM,0,28,19,23.4
22/09/2022 2:15 PM,0,28,19,23.4
22/09/2022 2:20 PM,0,28,18,23.5
22/09/2022 2:25 PM,0,28,18,22.8
22/09/2022 2:30 PM,0,28,18,22.6
22/09/2022 2:35 PM,0,28,18,23
22/09/2022 2:40 PM,0,28,19,23.5
22/09/2022 2:45 PM,0,28,19,24
22/09/2022 2:50 PM,0,28,18,24
22/09/2022 2:55 PM,0,28,18,23.7
22/09/2022 3:00 PM,0,28,18,23.8
22/09/2022 3:05 PM,0,28,18,23.7
22/09/2022 3:10 PM,0,28,18,23.7
22/09/2022 3:15 PM,0,28,18,23
22/09/2022 3:20 PM,0,28,18,22.8
22/09/2022 3:25 PM,0,28,18,22.8
22/09/2022 3:30 PM,0,28,18,22.8
22/09/2022 3:35 PM,0,28,18,22.1
22/09/2022 3:40 PM,0,27,17,21.6
22/09/2022 3:45 PM,0,27,17,21.7
22/09/2022 3:50 PM,0,27,17,21.9
22/09/2022 3:55 PM,0,27,17,21.9
22/09/2022 4:00 PM,0,27,17,21.8
22/09/2022 4:05 PM,0,27,17,21.6
22/09/2022 4:10 PM,0,27,17,21.4
22/09/2022 4:15 PM,0,27,17,21.7
22/09/2022 4:20 PM,0,27,17,21.7
22/09/2022 4:25 PM,0,27,17,21.9
22/09/2022 4:30 PM,0,27,17,21.9
22/09/2022 4:35 PM,0,27,17,21.9
22/09/2022 4:40 PM,0,27,17,22.1
22/09/2022 4:45 PM,0,27,17,22
22/09/2022 4:50 PM,0,27,17,22.1
22/09/2022 4:55 PM,0,27,17,22.2
22/09/2022 5:00 PM,0,27,17,22.3
22/09/2022 5:05 PM,0,27,17,22.2
22/09/2022 5:10 PM,0,27,17,22.3
22/09/2022 5:15 PM,0,27,17,22.4
22/09/2022 5:20 PM,0,27,17,22.6
22/09/2022 5:25 PM,0,27,17,22.5
22/09/2022 5:30 PM,0,27,17,22.4
22/09/2022 5:35 PM,0,24,16,22.4
22/09/2022 5:40 PM,0,24,16,22.4
22/09/2022 5:45 PM,0,24,16,22.1
22/09/2022 5:50 PM,0,24,16,22
22/09/2022 5:55 PM,1,20,15,22
22/09/2022 6:00 PM,1,20,15,22
22/09/2022 6:05 PM,1,20,15,22
22/09/2022 6:10 PM,1,20,15,22.1
22/09/2022 6:15 PM,1,20,15,22.1
22/09/2022 6:20 PM,1,20,15,22.1
22/09/2022 6:25 PM,1,20,15,22.1
22/09/2022 6:30 PM,1,20,15,22.1
22/09/2022 6:35 PM,1,20,15,22.1
22/09/2022 6:40 PM,1,20,15,22
22/09/2022 6:45 PM,1,20,15,22
22/09/2022 6:50 PM,1,20,15,21.9
22/09/2022 6:55 PM,1,20,15,21.8
22/09/2022 7:00 PM,1,20,15,21.8
22/09/2022 7:05 PM,1,20,15,21.7
22/09/2022 7:10 PM,1,20,15,21.7
22/09/2022 7:15 PM,1,20,15,21.6
22/09/2022 7:20 PM,1,20,15,21.5
22/09/2022 7:25 PM,1,20,15,21.4
22/09/2022 7:30 PM,1,20,15,21.3
22/09/2022 7:35 PM,1,20,15,21.2
22/09/2022 7:40 PM,1,20,15,21
22/09/2022 7:45 PM,1,20,15,20.8
22/09/2022 7:50 PM,1,20,15,20.7
22/09/2022 7:55 PM,1,20,15,20.1
22/09/2022 8:00 PM,0,20,15,19.8
22/09/2022 8:05 PM,0,20,15,19.6
22/09/2022 8:10 PM,0,20,15,19.4
22/09/2022 8:15 PM,0,20,15,19.3
22/09/2022 8:20 PM,0,20,15,19.1
22/09/2022 8:25 PM,0,20,15,19
22/09/2022 8:30 PM,0,20,15,18.9
22/09/2022 8:35 PM,0,20,15,18.7
22/09/2022 8:40 PM,0,20,15,18.5
22/09/2022 8:45 PM,0,20,15,18.5
22/09/2022 8:50 PM,0,20,15,18.3
22/09/2022 8:55 PM,0,20,15,18.2
22/09/2022 9:00 PM,0,20,15,18.2
22/09/2022 9:05 PM,0,20,15,18.1
22/09/2022 9:10 PM,0,20,15,18.1
22/09/2022 9:15 PM,0,20,15,18
22/09/2022 9:20 PM,0,20,15,18.1
22/09/2022 9:25 PM,0,20,15,17.9
22/09/2022 9:30 PM,0,20,15,18
22/09/2022 9:35 PM,0,20,15,18
22/09/2022 9:40 PM,0,20,15,17.9
22/09/2022 9:45 PM,0,20,15,17.8
22/09/2022 9:50 PM,0,20,15,17.8
22/09/2022 9:55 PM,0,20,15,17.7
22/09/2022 10:00 PM,0,20,15,17.7
22/09/2022 10:05 PM,0,20,15,17.6
22/09/2022 10:10 PM,0,20,15,17.6
22/09/2022 10:15 PM,0,20,15,17.5
22/09/2022 10:20 PM,0,20,15,17.5
22/09/2022 10:25 PM,0,20,15,17.4
22/09/2022 10:30 PM,0,20,15,17.5
22/09/2022 10:35 PM,0,20,15,17.4
22/09/2022 10:40 PM,0,20,15,17.3
22/09/2022 10:45 PM,0,20,15,17.3
22/09/2022 10:50 PM,0,20,15,17.2
22/09/2022 10:55 PM,0,20,15,17.1
22/09/2022 11:00 PM,0,20,15,17
22/09/2022 11:05 PM,0,20,15,17
22/09/2022 11:10 PM,0,20,15,16.9
22/09/2022 11:15 PM,0,20,15,16.9
22/09/2022 11:20 PM,0,20,15,16.8
22/09/2022 11:25 PM,0,20,15,16.8
22/09/2022 11:30 PM,0,20,15,16.8
22/09/2022 11:35 PM,0,20,15,16.6
22/09/2022 11:40 PM,0,20,15,16.6
22/09/2022 11:45 PM,0,20,15,16.5
22/09/2022 11:50 PM,0,20,15,16.7
22/09/2022 11:55 PM,0,20,15,16.5
23/09/2022 12:00 AM,0,20,15,16.5
23/09/2022 12:05 AM,0,20,15,16.6
23/09/2022 12:10 AM,0,20,15,16.6
23/09/2022 12:15 AM,0,20,15,16.7
23/09/2022 12:20 AM,0,20,15,16.7
23/09/2022 12:25 AM,0,20,15,16.6
23/09/2022 12:30 AM,0,20,15,16.6
23/09/2022 12:35 AM,0,20,15,16.6
23/09/2022 12:40 AM,0,20,15,16.5
23/09/2022 12:45 AM,0,20,15,16.6
23/09/2022 12:50 AM,0,20,15,16.5
23/09/2022 12:55 AM,0,20,15,16.4
23/09/2022 1:00 AM,0,20,15,16.3
23/09/2022 1:05 AM,0,20,15,16.3
23/09/2022 1:10 AM,0,20,15,16.4
23/09/2022 1:15 AM,0,20,15,16.3
23/09/2022 1:20 AM,0,20,15,16.4
23/09/2022 1:25 AM,0,20,15,16.3
23/09/2022 1:30 AM,0,20,15,16.2
23/09/2022 1:35 AM,0,20,15,16.2
23/09/2022 1:40 AM,0,20,15,16.1
23/09/2022 1:45 AM,0,20,15,16.3
23/09/2022 1:50 AM,0,20,15,16.2
23/09/2022 1:55 AM,0,20,15,16.2
23/09/2022 2:00 AM,0,20,15,16
23/09/2022 2:05 AM,0,20,15,15.9
23/09/2022 2:10 AM,0,20,15,15.9
23/09/2022 2:15 AM,0,20,15,15.8
23/09/2022 2:20 AM,0,20,15,15.7
23/09/2022 2:25 AM,0,20,15,15.6
23/09/2022 2:30 AM,0,20,15,15.5
23/09/2022 2:35 AM,0,20,15,15.4
23/09/2022 2:40 AM,0,20,15,15.4
23/09/2022 2:45 AM,0,20,15,15.3
23/09/2022 2:50 AM,0,20,15,15.3
23/09/2022 2:55 AM,0,20,15,15.3
23/09/2022 3:00 AM,0,20,15,15.4
23/09/2022 3:05 AM,0,20,15,15.3
23/09/2022 3:10 AM,0,20,15,15.3
23/09/2022 3:15 AM,0,20,15,15.3
23/09/2022 3:20 AM,0,20,15,15.3
23/09/2022 3:25 AM,0,20,15,15.2
23/09/2022 3:30 AM,0,20,15,15.2
23/09/2022 3:35 AM,0,20,15,15.2
23/09/2022 3:40 AM,0,20,15,15.3
23/09/2022 3:45 AM,0,20,15,15.4
23/09/2022 3:50 AM,0,20,15,15.3
23/09/2022 3:55 AM,0,20,15,15.2
23/09/2022 4:00 AM,0,20,15,15.1
23/09/2022 4:05 AM,0,20,15,15.1
23/09/2022 4:10 AM,0,20,15,15.1
23/09/2022 4:15 AM,0,20,15,15.1
23/09/2022 4:20 AM,0,20,15,15.1
23/09/2022 4:25 AM,0,20,15,15
23/09/2022 4:30 AM,0,20,15,15.1
23/09/2022 4:35 AM,0,20,15,15.2
23/09/2022 4:40 AM,0,20,15,15.2
23/09/2022 4:45 AM,0,20,15,15.3
23/09/2022 4:50 AM,0,20,15,15.4
23/09/2022 4:55 AM,0,20,15,15.5
23/09/2022 5:00 AM,0,20,15,15.6
23/09/2022 5:05 AM,0,20,15,15.8
23/09/2022 5:10 AM,0,20,15,16
23/09/2022 5:15 AM,0,20,15,15.9
23/09/2022 5:20 AM,0,20,15,16
23/09/2022 5:25 AM,0,20,15,16
23/09/2022 5:30 AM,0,20,15,16.1
23/09/2022 5:35 AM,0,20,15,16.2
23/09/2022 5:40 AM,0,20,15,16.3
23/09/2022 5:45 AM,0,20,15,16.4
23/09/2022 5:50 AM,0,20,15,16.5
23/09/2022 5:55 AM,0,20,15,16.5
23/09/2022 6:00 AM,0,20,15,16.6
23/09/2022 6:05 AM,0,20,15,16.6
23/09/2022 6:10 AM,0,20,15,16.4
23/09/2022 6:15 AM,0,20,15,16.4
23/09/2022 6:20 AM,0,20,15,16.4
23/09/2022 6:25 AM,0,20,15,16.4
23/09/2022 6:30 AM,0,20,15,16.4
23/09/2022 6:35 AM,0,20,15,16.4
23/09/2022 6:40 AM,0,20,15,16.5
23/09/2022 6:45 AM,0,20,15,16.6
23/09/2022 6:50 AM,0,20,15,16.6
23/09/2022 6:55 AM,0,20,15,16.7
23/09/2022 7:00 AM,0,20,15,16.7
23/09/2022 7:05 AM,0,20,15,16.7
23/09/2022 7:10 AM,0,20,15,16.7
23/09/2022 7:15 AM,0,20,15,16.8
23/09/2022 7:20 AM,0,20,15,16.8
23/09/2022 7:25 AM,0,20,15,16.8
23/09/2022 7:30 AM,0,20,15,16.9
23/09/2022 7:35 AM,0,20,15,16.9
23/09/2022 7:40 AM,0,20,15,17
23/09/2022 7:45 AM,0,20,15,17
23/09/2022 7:50 AM,0,20,15,17
23/09/2022 7:55 AM,0,20,15,17.1
23/09/2022 8:00 AM,0,20,15,17.1
23/09/2022 8:05 AM,0,20,15,17.3
23/09/2022 8:10 AM,0,20,15,17.3
23/09/2022 8:15 AM,0,20,15,17.3
23/09/2022 8:20 AM,0,20,15,17.2
23/09/2022 8:25 AM,0,20,15,17.2
23/09/2022 8:30 AM,0,20,15,17.3
23/09/2022 8:35 AM,0,20,15,17.3
23/09/2022 8:40 AM,0,20,15,17.3
23/09/2022 8:45 AM,0,20,15,17.4
23/09/2022 8:50 AM,0,20,15,17.3
23/09/2022 8:55 AM,0,20,15,17.5
23/09/2022 9:00 AM,0,20,15,17.6
23/09/2022 9:05 AM,0,20,15,17.6
23/09/2022 9:10 AM,0,24,16,17.7
23/09/2022 9:15 AM,0,24,16,17.9
23/09/2022 9:20 AM,0,24,16,18
23/09/2022 9:25 AM,0,24,16,18.1
23/09/2022 9:30 AM,0,24,16,18.2
23/09/2022 9:35 AM,0,24,16,18.2
23/09/2022 9:40 AM,0,24,16,18.3
23/09/2022 9:45 AM,0,24,16,18.4
23/09/2022 9:50 AM,0,24,16,18.7
23/09/2022 9:55 AM,0,24,16,18.7
23/09/2022 10:00 AM,0,27,17,18.7
23/09/2022 10:05 AM,0,24,16,19
23/09/2022 10:10 AM,0,27,17,19.1
23/09/2022 10:15 AM,0,27,17,19
23/09/2022 10:20 AM,0,27,17,18.8
23/09/2022 10:25 AM,0,27,17,18.9
23/09/2022 10:30 AM,0,27,17,19.1
23/09/2022 10:35 AM,0,27,17,19.3
23/09/2022 10:40 AM,0,27,17,19.2
23/09/2022 10:45 AM,0,27,17,19.2
23/09/2022 10:50 AM,0,27,17,19.4
23/09/2022 10:55 AM,0,27,17,19.4
23/09/2022 11:00 AM,0,27,17,19.3
23/09/2022 11:05 AM,0,27,17,19.2
23/09/2022 11:10 AM,0,27,17,19.6
23/09/2022 11:15 AM,0,27,17,19.6
23/09/2022 11:20 AM,0,27,17,19.5
23/09/2022 11:25 AM,0,27,17,19.5
23/09/2022 11:30 AM,0,27,17,19.4
23/09/2022 11:35 AM,0,27,17,19.5
23/09/2022 11:40 AM,0,27,17,19.8
23/09/2022 11:45 AM,0,27,17,20
23/09/2022 11:50 AM,0,27,17,20
23/09/2022 11:55 AM,0,27,17,20
23/09/2022 12:00 PM,0,27,17,19.9
23/09/2022 12:05 PM,0,27,17,20
23/09/2022 12:10 PM,0,27,17,20.3
23/09/2022 12:15 PM,0,27,17,20.4
23/09/2022 12:20 PM,0,27,17,20.4
23/09/2022 12:25 PM,0,27,17,20.6
23/09/2022 12:30 PM,0,27,17,20.8
23/09/2022 12:35 PM,0,27,17,20.9
23/09/2022 12:40 PM,0,27,17,21
23/09/2022 12:45 PM,0,27,17,20.7
23/09/2022 12:50 PM,0,27,17,20.3
23/09/2022 12:55 PM,0,27,17,20.4
23/09/2022 1:00 PM,0,27,17,20.6
23/09/2022 1:05 PM,0,27,17,21.2
23/09/2022 1:10 PM,0,28,18,21.5
23/09/2022 1:15 PM,0,27,17,21.3
23/09/2022 1:20 PM,0,27,17,21.3
23/09/2022 1:25 PM,0,28,18,21.6
23/09/2022 1:30 PM,0,28,18,21.4
23/09/2022 1:35 PM,0,28,18,21.4
23/09/2022 1:40 PM,0,28,18,21.4
23/09/2022 1:45 PM,0,28,18,21.4
23/09/2022 1:50 PM,0,27,17,21.3
23/09/2022 1:55 PM,0,27,17,21.2
23/09/2022 2:00 PM,0,27,17,21.3
23/09/2022 2:05 PM,0,27,17,21.7
23/09/2022 2:10 PM,0,27,17,22
23/09/2022 2:15 PM,0,27,17,21.8
23/09/2022 2:20 PM,0,27,17,21.8
23/09/2022 2:25 PM,0,27,17,21.5
23/09/2022 2:30 PM,0,27,17,21.4
23/09/2022 2:35 PM,0,27,17,21.6
23/09/2022 2:40 PM,0,27,17,21.6
23/09/2022 2:45 PM,0,27,17,21.8
23/09/2022 2:50 PM,0,27,17,21.7
23/09/2022 2:55 PM,0,27,17,21.8
23/09/2022 3:00 PM,0,27,17,21.9
23/09/2022 3:05 PM,0,27,17,22
23/09/2022 3:10 PM,0,27,17,21.8
23/09/2022 3:15 PM,0,27,17,21.7
23/09/2022 3:20 PM,0,24,16,21.5
23/09/2022 3:25 PM,0,24,16,21.4
23/09/2022 3:30 PM,0,24,16,21.4
23/09/2022 3:35 PM,0,24,16,21.3
23/09/2022 3:40 PM,0,24,16,21.2
23/09/2022 3:45 PM,1,20,15,21.1
23/09/2022 3:50 PM,0,24,16,21
23/09/2022 3:55 PM,0,24,16,20.9
23/09/2022 4:00 PM,0,24,16,20.9
23/09/2022 4:05 PM,0,24,16,21
23/09/2022 4:10 PM,0,24,16,21
23/09/2022 4:15 PM,0,24,16,21.3
23/09/2022 4:20 PM,0,24,16,21.3
23/09/2022 4:25 PM,1,20,15,21.3
23/09/2022 4:30 PM,1,20,15,21.2
23/09/2022 4:35 PM,1,20,15,21.1
23/09/2022 4:40 PM,1,20,15,21
23/09/2022 4:45 PM,1,20,15,20.9
23/09/2022 4:50 PM,1,20,15,20.8
23/09/2022 4:55 PM,1,20,15,20.7
23/09/2022 5:00 PM,1,20,15,20.6
23/09/2022 5:05 PM,1,20,15,20.5
23/09/2022 5:10 PM,1,20,15,20.5
23/09/2022 5:15 PM,1,20,15,20.3
23/09/2022 5:20 PM,1,20,15,20.2
23/09/2022 5:25 PM,1,20,15,20.2
23/09/2022 5:30 PM,1,20,15,20.3
23/09/2022 5:35 PM,1,20,15,20.2
23/09/2022 5:40 PM,1,20,15,20.2
23/09/2022 5:45 PM,1,20,15,20.2
23/09/2022 5:50 PM,1,20,15,20.2
23/09/2022 5:55 PM,1,20,15,20.2
23/09/2022 6:00 PM,1,20,15,20.2
23/09/2022 6:05 PM,1,20,15,20.3
23/09/2022 6:10 PM,1,20,15,20.2
23/09/2022 6:15 PM,1,20,15,20.1
23/09/2022 6:20 PM,1,20,15,20.1
23/09/2022 6:25 PM,1,20,15,20.1
23/09/2022 6:30 PM,1,20,15,20.1
23/09/2022 6:35 PM,1,20,15,20.1
23/09/2022 6:40 PM,1,20,15,20.1
23/09/2022 6:45 PM,1,20,15,20.1
23/09/2022 6:50 PM,1,20,15,20.1
23/09/2022 6:55 PM,1,20,15,20.1
23/09/2022 7:00 PM,1,20,15,20.1
23/09/2022 7:05 PM,0,20,15,20
23/09/2022 7:10 PM,0,20,15,20
23/09/2022 7:15 PM,0,20,15,20
23/09/2022 7:20 PM,0,20,15,20
23/09/2022 7:25 PM,0,20,15,19.9
23/09/2022 7:30 PM,0,20,15,19.8
23/09/2022 7:35 PM,0,20,15,19.7
23/09/2022 7:40 PM,0,20,15,19.7
23/09/2022 7:45 PM,0,20,15,19.6
23/09/2022 7:50 PM,0,20,15,19.6
23/09/2022 7:55 PM,0,20,15,19.6
23/09/2022 8:00 PM,0,20,15,19.5
23/09/2022 8:05 PM,0,20,15,19.4
23/09/2022 8:10 PM,0,20,15,19.4
23/09/2022 8:15 PM,0,20,15,19.3
23/09/2022 8:20 PM,0,20,15,19.2
23/09/2022 8:25 PM,0,20,15,19.1
23/09/2022 8:30 PM,0,20,15,19.1
23/09/2022 8:35 PM,0,20,15,19
23/09/2022 8:40 PM,0,20,15,19
23/09/2022 8:45 PM,0,20,15,18.9
23/09/2022 8:50 PM,0,20,15,18.8
23/09/2022 8:55 PM,0,20,15,18.8
23/09/2022 9:00 PM,0,20,15,18.7
23/09/2022 9:05 PM,0,20,15,18.6
23/09/2022 9:10 PM,0,20,15,18.6
23/09/2022 9:15 PM,0,20,15,18.5
23/09/2022 9:20 PM,0,20,15,18.5
23/09/2022 9:25 PM,0,20,15,18.5
23/09/2022 9:30 PM,0,20,15,18.4
23/09/2022 9:35 PM,0,20,15,18.3
23/09/2022 9:40 PM,0,20,15,18.3
23/09/2022 9:45 PM,0,20,15,18.3
23/09/2022 9:50 PM,0,20,15,18.2
23/09/2022 9:55 PM,0,20,15,18.1
23/09/2022 10:00 PM,0,20,15,18.2
23/09/2022 10:05 PM,0,20,15,18.3
23/09/2022 10:10 PM,0,20,15,18.3
23/09/2022 10:15 PM,0,20,15,18.4
23/09/2022 10:20 PM,0,20,15,18.4
23/09/2022 10:25 PM,0,20,15,18.4
23/09/2022 10:30 PM,0,20,15,18.4
23/09/2022 10:35 PM,0,20,15,18.4
23/09/2022 10:40 PM,0,20,15,18.4
23/09/2022 10:45 PM,0,20,15,18.3
23/09/2022 10:50 PM,0,20,15,18.3
23/09/2022 10:55 PM,0,20,15,18.4
23/09/2022 11:00 PM,0,20,15,18.4
23/09/2022 11:05 PM,0,20,15,18.4
23/09/2022 11:10 PM,0,20,15,18.4
23/09/2022 11:15 PM,0,20,15,18.3
23/09/2022 11:20 PM,0,20,15,18.4
23/09/2022 11:25 PM,0,20,15,18.4
23/09/2022 11:30 PM,0,20,15,18.4
23/09/2022 11:35 PM,0,20,15,18.4
23/09/2022 11:40 PM,0,20,15,18.4
23/09/2022 11:45 PM,0,20,15,18.3
23/09/2022 11:50 PM,0,20,15,18.3
23/09/2022 11:55 PM,0,20,15,18.3
24/09/2022 12:00 AM,0,20,15,18.3
24/09/2022 12:05 AM,0,20,15,18.3
24/09/2022 12:10 AM,0,20,15,18.2
24/09/2022 12:15 AM,0,20,15,18.1
24/09/2022 12:20 AM,0,20,15,17.9
24/09/2022 12:25 AM,0,20,15,17.7
24/09/2022 12:30 AM,0,20,15,17.7
24/09/2022 12:35 AM,0,20,15,17.7
24/09/2022 12:40 AM,0,20,15,17.8
24/09/2022 12:45 AM,0,20,15,17.8
24/09/2022 12:50 AM,0,20,15,17.8
24/09/2022 12:55 AM,0,20,15,17.8
24/09/2022 1:00 AM,0,20,15,17.8
24/09/2022 1:05 AM,0,20,15,17.8
24/09/2022 1:10 AM,0,20,15,17.8
24/09/2022 1:15 AM,0,20,15,17.9
24/09/2022 1:20 AM,0,20,15,17.9
24/09/2022 1:25 AM,0,20,15,17.9
24/09/2022 1:30 AM,0,20,15,17.8
24/09/2022 1:35 AM,0,20,15,17.8
24/09/2022 1:40 AM,0,20,15,17.8
24/09/2022 1:45 AM,0,20,15,17.7
24/09/2022 1:50 AM,0,20,15,17.7
24/09/2022 1:55 AM,0,20,15,17.7
24/09/2022 2:00 AM,0,20,15,17.6
24/09/2022 2:05 AM,0,20,15,17.6
24/09/2022 2:10 AM,0,20,15,17.6
24/09/2022 2:15 AM,0,20,15,17.6
24/09/2022 2:20 AM,0,20,15,17.6
24/09/2022 2:25 AM,0,20,15,17.5
24/09/2022 2:30 AM,0,20,15,17.5
24/09/2022 2:35 AM,0,20,15,17.5
24/09/2022 2:40 AM,0,20,15,17.5
24/09/2022 2:45 AM,0,20,15,17.5
24/09/2022 2:50 AM,0,20,15,17.5
24/09/2022 2:55 AM,0,20,15,17.6
24/09/2022 3:00 AM,0,20,15,17.6
24/09/2022 3:05 AM,0,20,15,17.6
24/09/2022 3:10 AM,0,20,15,17.6
24/09/2022 3:15 AM,0,20,15,17.6
24/09/2022 3:20 AM,0,20,15,17.6
24/09/2022 3:25 AM,0,20,15,17.6
24/09/2022 3:30 AM,0,20,15,17.6
24/09/2022 3:35 AM,0,20,15,17.6
24/09/2022 3:40 AM,0,20,15,17.6
24/09/2022 3:45 AM,0,20,15,17.6
24/09/2022 3:50 AM,0,20,15,17.6
24/09/2022 3:55 AM,0,20,15,17.5
24/09/2022 4:00 AM,0,20,15,17.5
24/09/2022 4:05 AM,0,20,15,17.4
24/09/2022 4:10 AM,0,20,15,17.4
24/09/2022 4:15 AM,0,20,15,17.5
24/09/2022 4:20 AM,0,20,15,17.5
24/09/2022 4:25 AM,0,20,15,17.4
24/09/2022 4:30 AM,0,20,15,17.4
24/09/2022 4:35 AM,0,20,15,17.4
24/09/2022 4:40 AM,0,20,15,17.4
24/09/2022 4:45 AM,0,20,15,17.5
24/09/2022 4:50 AM,0,20,15,17.6
24/09/2022 4:55 AM,0,20,15,17.7
24/09/2022 5:00 AM,0,20,15,17.7
24/09/2022 5:05 AM,0,20,15,17.7
24/09/2022 5:10 AM,0,20,15,17.7
24/09/2022 5:15 AM,0,20,15,17.7
24/09/2022 5:20 AM,0,20,15,17.8
24/09/2022 5:25 AM,0,20,15,18
24/09/2022 5:30 AM,0,20,15,18
24/09/2022 5:35 AM,0,20,15,18
24/09/2022 5:40 AM,0,20,15,18
24/09/2022 5:45 AM,0,20,15,18.2
24/09/2022 5:50 AM,0,20,15,18.3
24/09/2022 5:55 AM,0,20,15,18.3
24/09/2022 6:00 AM,0,20,15,18.3
24/09/2022 6:05 AM,0,20,15,18.3
24/09/2022 6:10 AM,0,20,15,18.2
24/09/2022 6:15 AM,0,20,15,18.1
24/09/2022 6:20 AM,0,20,15,18.1
24/09/2022 6:25 AM,0,20,15,18
24/09/2022 6:30 AM,0,20,15,18.1
24/09/2022 6:35 AM,0,20,15,18.1
24/09/2022 6:40 AM,0,20,15,18.2
24/09/2022 6:45 AM,0,20,15,18.3
24/09/2022 6:50 AM,0,20,15,18.3
24/09/2022 6:55 AM,0,20,15,18.3
24/09/2022 7:00 AM,0,20,15,18.3
24/09/2022 7:05 AM,0,20,15,18.3
24/09/2022 7:10 AM,0,20,15,18.3
24/09/2022 7:15 AM,0,20,15,18.3
24/09/2022 7:20 AM,0,20,15,18.3
24/09/2022 7:25 AM,0,20,15,18.3
24/09/2022 7:30 AM,0,20,15,18.3
24/09/2022 7:35 AM,0,20,15,18.3
24/09/2022 7:40 AM,0,20,15,18.2
24/09/2022 7:45 AM,0,20,15,17.9
24/09/2022 7:50 AM,0,20,15,17.6
24/09/2022 7:55 AM,0,20,15,17.5
24/09/2022 8:00 AM,0,20,15,17.6
24/09/2022 8:05 AM,0,20,15,17.7
24/09/2022 8:10 AM,0,20,15,17.6
24/09/2022 8:15 AM,0,20,15,17.6
24/09/2022 8:20 AM,0,20,15,17.6
24/09/2022 8:25 AM,0,20,15,17.6
24/09/2022 8:30 AM,0,20,15,17.6
24/09/2022 8:35 AM,0,20,15,17.6
24/09/2022 8:40 AM,0,20,15,17.6
24/09/2022 8:45 AM,0,20,15,17.7
24/09/2022 8:50 AM,0,20,15,17.9
24/09/2022 8:55 AM,0,20,15,17.9
24/09/2022 9:00 AM,0,24,16,18.1
24/09/2022 9:05 AM,0,24,16,18.1
24/09/2022 9:10 AM,0,24,16,17.8
24/09/2022 9:15 AM,0,24,16,18
24/09/2022 9:20 AM,0,24,16,18.2
24/09/2022 9:25 AM,0,24,16,18.4
24/09/2022 9:30 AM,0,24,16,18.5
24/09/2022 9:35 AM,0,27,17,18.5
24/09/2022 9:40 AM,0,27,17,18.7
24/09/2022 9:45 AM,0,27,17,18.8
24/09/2022 9:50 AM,0,24,16,18.6
24/09/2022 9:55 AM,0,24,16,18.4
24/09/2022 10:00 AM,0,24,16,18.5
24/09/2022 10:05 AM,0,24,16,18.5
24/09/2022 10:10 AM,0,27,17,18.6
24/09/2022 10:15 AM,0,27,17,18.7
24/09/2022 10:20 AM,0,27,17,19
24/09/2022 10:25 AM,0,27,17,19.2
24/09/2022 10:30 AM,0,27,17,19.2
24/09/2022 10:35 AM,0,27,17,19.2
24/09/2022 10:40 AM,0,27,17,19.1
24/09/2022 10:45 AM,0,27,17,19.1
24/09/2022 10:50 AM,0,27,17,19.2
24/09/2022 10:55 AM,0,27,17,19.3
24/09/2022 11:00 AM,0,27,17,19.6
24/09/2022 11:05 AM,0,27,17,19.6
24/09/2022 11:10 AM,0,27,17,19.8
24/09/2022 11:15 AM,0,27,17,19.8
24/09/2022 11:20 AM,0,27,17,20
24/09/2022 11:25 AM,0,27,17,19.8
24/09/2022 11:30 AM,0,27,17,19.6
24/09/2022 11:35 AM,0,27,17,19.9
24/09/2022 11:40 AM,0,27,17,20
24/09/2022 11:45 AM,0,27,17,20.3
24/09/2022 11:50 AM,0,27,17,19.9
24/09/2022 11:55 AM,0,27,17,19.6
24/09/2022 12:00 PM,0,27,17,19.8
24/09/2022 12:05 PM,0,27,17,19.9
24/09/2022 12:10 PM,0,27,17,19.8
24/09/2022 12:15 PM,0,27,17,19.7
24/09/2022 12:20 PM,0,27,17,19.7
24/09/2022 12:25 PM,0,27,17,20
24/09/2022 12:30 PM,0,27,17,20
24/09/2022 12:35 PM,0,27,17,20.1
24/09/2022 12:40 PM,0,27,17,20.2
24/09/2022 12:45 PM,0,27,17,20.4
24/09/2022 12:50 PM,0,27,17,20.4
24/09/2022 12:55 PM,0,27,17,20.4
24/09/2022 1:00 PM,0,27,17,20.3
24/09/2022 1:05 PM,0,27,17,20.5
24/09/2022 1:10 PM,0,27,17,20.5
24/09/2022 1:15 PM,0,27,17,20.5
24/09/2022 1:20 PM,0,27,17,20.4
24/09/2022 1:25 PM,0,27,17,20.3
24/09/2022 1:30 PM,0,24,16,20.3
24/09/2022 1:35 PM,0,24,16,20.3
24/09/2022 1:40 PM,0,24,16,20.5
24/09/2022 1:45 PM,0,24,16,20.6
24/09/2022 1:50 PM,0,27,17,20.6
24/09/2022 1:55 PM,0,27,17,20.6
24/09/2022 2:00 PM,0,27,17,20.5
24/09/2022 2:05 PM,0,27,17,20.4
24/09/2022 2:10 PM,0,27,17,20.4
24/09/2022 2:15 PM,0,24,16,20.5
24/09/2022 2:20 PM,0,24,16,20.5
24/09/2022 2:25 PM,0,24,16,20.6
24/09/2022 2:30 PM,0,27,17,20.6
24/09/2022 2:35 PM,0,27,17,20.8
24/09/2022 2:40 PM,0,27,17,20.8
24/09/2022 2:45 PM,0,27,17,20.8
24/09/2022 2:50 PM,0,27,17,20.8
24/09/2022 2:55 PM,0,27,17,20.8
24/09/2022 3:00 PM,0,27,17,20.6
24/09/2022 3:05 PM,0,27,17,20.5
24/09/2022 3:10 PM,0,27,17,20.6
24/09/2022 3:15 PM,0,28,18,20.8
24/09/2022 3:20 PM,0,27,17,20.6
24/09/2022 3:25 PM,0,27,17,20.5
24/09/2022 3:30 PM,0,27,17,20.3
24/09/2022 3:35 PM,0,27,17,20.3
24/09/2022 3:40 PM,0,27,17,20.2
24/09/2022 3:45 PM,0,27,17,20.4
24/09/2022 3:50 PM,0,27,17,20.3
24/09/2022 3:55 PM,0,27,17,20.2
24/09/2022 4:00 PM,0,27,17,20.4
24/09/2022 4:05 PM,0,27,17,20.5
24/09/2022 4:10 PM,0,27,17,20.5
24/09/2022 4:15 PM,0,27,17,20.4
24/09/2022 4:20 PM,0,27,17,20.2
24/09/2022 4:25 PM,0,27,17,20.3
24/09/2022 4:30 PM,0,27,17,20.3
24/09/2022 4:35 PM,0,27,17,20.3
24/09/2022 4:40 PM,0,27,17,20.5
24/09/2022 4:45 PM,0,27,17,20.6
24/09/2022 4:50 PM,0,27,17,20.7
24/09/2022 4:55 PM,0,27,17,20.4
24/09/2022 5:00 PM,0,27,17,20.4
24/09/2022 5:05 PM,0,27,17,20.4
24/09/2022 5:10 PM,0,27,17,20.4
24/09/2022 5:15 PM,0,27,17,20.4
24/09/2022 5:20 PM,0,27,17,20.3
24/09/2022 5:25 PM,0,27,17,20.2
24/09/2022 5:30 PM,0,27,17,20.3
24/09/2022 5:35 PM,0,27,17,20.4
24/09/2022 5:40 PM,0,24,16,20.4
24/09/2022 5:45 PM,0,24,16,20.4
24/09/2022 5:50 PM,0,24,16,20.3
24/09/2022 5:55 PM,0,24,16,20.2
24/09/2022 6:00 PM,0,24,16,20
24/09/2022 6:05 PM,0,24,16,19.9
24/09/2022 6:10 PM,0,24,16,19.9
24/09/2022 6:15 PM,0,24,16,19.8
24/09/2022 6:20 PM,0,24,16,20
24/09/2022 6:25 PM,1,20,15,20.1
24/09/2022 6:30 PM,1,20,15,20.1
24/09/2022 6:35 PM,1,20,15,20.2
24/09/2022 6:40 PM,1,20,15,20.2
24/09/2022 6:45 PM,1,20,15,20.2
24/09/2022 6:50 PM,1,20,15,20.1
24/09/2022 6:55 PM,1,20,15,20.1
24/09/2022 7:00 PM,0,20,15,20
24/09/2022 7:05 PM,0,20,15,19.9
24/09/2022 7:10 PM,0,20,15,19.9
24/09/2022 7:15 PM,0,20,15,19.8
24/09/2022 7:20 PM,0,20,15,19.7
24/09/2022 7:25 PM,0,20,15,19.6
24/09/2022 7:30 PM,0,20,15,19.5
24/09/2022 7:35 PM,0,20,15,19.4
24/09/2022 7:40 PM,0,20,15,19.3
24/09/2022 7:45 PM,0,20,15,19.2
24/09/2022 7:50 PM,0,20,15,19.2
24/09/2022 7:55 PM,0,20,15,19.1
24/09/2022 8:00 PM,0,20,15,19
24/09/2022 8:05 PM,0,20,15,18.8
24/09/2022 8:10 PM,0,20,15,18.7
24/09/2022 8:15 PM,0,20,15,18.6
24/09/2022 8:20 PM,0,20,15,18.5
24/09/2022 8:25 PM,0,20,15,18.5
24/09/2022 8:30 PM,0,20,15,18.4
24/09/2022 8:35 PM,0,20,15,18.3
24/09/2022 8:40 PM,0,20,15,18.2
24/09/2022 8:45 PM,0,20,15,18.2
24/09/2022 8:50 PM,0,20,15,18.1
24/09/2022 8:55 PM,0,20,15,18
24/09/2022 9:00 PM,0,20,15,17.9
24/09/2022 9:05 PM,0,20,15,17.8
24/09/2022 9:10 PM,0,20,15,17.8
24/09/2022 9:15 PM,0,20,15,18
24/09/2022 9:20 PM,0,20,15,18
24/09/2022 9:25 PM,0,20,15,17.8
24/09/2022 9:30 PM,0,20,15,17.8
24/09/2022 9:35 PM,0,20,15,17.8
24/09/2022 9:40 PM,0,20,15,17.7
24/09/2022 9:45 PM,0,20,15,17.7
24/09/2022 9:50 PM,0,20,15,17.7
24/09/2022 9:55 PM,0,20,15,17.6
24/09/2022 10:00 PM,0,20,15,17.5
24/09/2022 10:05 PM,0,20,15,17.4
24/09/2022 10:10 PM,0,20,15,17.4
24/09/2022 10:15 PM,0,20,15,17.4
24/09/2022 10:20 PM,0,20,15,17.3
24/09/2022 10:25 PM,0,20,15,17.3
24/09/2022 10:30 PM,0,20,15,17.3
24/09/2022 10:35 PM,0,20,15,17.2
24/09/2022 10:40 PM,0,20,15,17.2
24/09/2022 10:45 PM,0,20,15,17.2
24/09/2022 10:50 PM,0,20,15,17.1
24/09/2022 10:55 PM,0,20,15,17
24/09/2022 11:00 PM,0,20,15,17
24/09/2022 11:05 PM,0,20,15,17
24/09/2022 11:10 PM,0,20,15,17
24/09/2022 11:15 PM,0,20,15,16.9
24/09/2022 11:20 PM,0,20,15,16.9
24/09/2022 11:25 PM,0,20,15,16.8
24/09/2022 11:30 PM,0,20,15,16.8
24/09/2022 11:35 PM,0,20,15,16.8
24/09/2022 11:40 PM,0,20,15,16.8
24/09/2022 11:45 PM,0,20,15,16.7
24/09/2022 11:50 PM,0,20,15,16.7
24/09/2022 11:55 PM,0,20,15,16.7
25/09/2022 12:00 AM,0,20,15,16.6
25/09/2022 12:05 AM,0,20,15,16.6
25/09/2022 12:10 AM,0,20,15,16.5
25/09/2022 12:15 AM,0,20,15,16.5
25/09/2022 12:20 AM,0,20,15,16.5
25/09/2022 12:25 AM,0,20,15,16.4
25/09/2022 12:30 AM,0,20,15,16.4
25/09/2022 12:35 AM,0,20,15,16.3
25/09/2022 12:40 AM,0,20,15,16.3
25/09/2022 12:45 AM,0,20,15,16.2
25/09/2022 12:50 AM,0,20,15,16.2
25/09/2022 12:55 AM,0,20,15,16.1
25/09/2022 1:00 AM,0,20,15,16.1
25/09/2022 1:05 AM,0,20,15,16
25/09/2022 1:10 AM,0,20,15,16
25/09/2022 1:15 AM,0,20,15,15.9
25/09/2022 1:20 AM,0,20,15,15.9
25/09/2022 1:25 AM,0,20,15,15.8
25/09/2022 1:30 AM,0,20,15,15.8
25/09/2022 1:35 AM,0,20,15,15.8
25/09/2022 1:40 AM,0,20,15,15.7
25/09/2022 1:45 AM,0,20,15,15.7
25/09/2022 1:50 AM,0,20,15,15.6
25/09/2022 1:55 AM,0,20,15,15.6
25/09/2022 2:00 AM,0,20,15,15.5
25/09/2022 2:05 AM,0,20,15,15.5
25/09/2022 2:10 AM,0,20,15,15.3
25/09/2022 2:15 AM,0,20,15,15.3
25/09/2022 2:20 AM,0,20,15,15.3
25/09/2022 2:25 AM,0,20,15,15.3
25/09/2022 2:30 AM,0,20,15,15.2
25/09/2022 2:35 AM,0,20,15,15.1
25/09/2022 2:40 AM,0,20,15,15
25/09/2022 2:45 AM,0,20,15,15
25/09/2022 2:50 AM,1,20,15,14.9
25/09/2022 2:55 AM,1,20,15,14.8
25/09/2022 3:00 AM,1,20,15,14.8
25/09/2022 3:05 AM,1,20,15,14.7
25/09/2022 3:10 AM,1,20,15,14.7
25/09/2022 3:15 AM,1,20,15,14.8
25/09/2022 3:20 AM,1,20,15,14.8
25/09/2022 3:25 AM,1,20,15,14.8
25/09/2022 3:30 AM,1,20,15,14.8
25/09/2022 3:35 AM,1,20,15,14.7
25/09/2022 3:40 AM,1,20,15,14.7
25/09/2022 3:45 AM,1,20,15,14.8
25/09/2022 3:50 AM,1,20,15,14.8
25/09/2022 3:55 AM,1,20,15,14.8
25/09/2022 4:00 AM,1,20,15,14.9
25/09/2022 4:05 AM,1,20,15,14.9
25/09/2022 4:10 AM,0,20,15,15
25/09/2022 4:15 AM,0,20,15,15
25/09/2022 4:20 AM,0,20,15,15.1
25/09/2022 4:25 AM,0,20,15,15.1
25/09/2022 4:30 AM,0,20,15,15.2
25/09/2022 4:35 AM,0,20,15,15.3
25/09/2022 4:40 AM,0,20,15,15.3
25/09/2022 4:45 AM,0,20,15,15.3
25/09/2022 4:50 AM,0,20,15,15.3
25/09/2022 4:55 AM,0,20,15,15.3
25/09/2022 5:00 AM,0,20,15,15.4
25/09/2022 5:05 AM,0,20,15,15.4
25/09/2022 5:10 AM,0,20,15,15.5
25/09/2022 5:15 AM,0,20,15,15.6
25/09/2022 5:20 AM,0,20,15,15.7
25/09/2022 5:25 AM,0,20,15,15.8
25/09/2022 5:30 AM,0,20,15,15.9
25/09/2022 5:35 AM,0,20,15,15.9
25/09/2022 5:40 AM,0,20,15,16
25/09/2022 5:45 AM,0,20,15,16.1
25/09/2022 5:50 AM,0,20,15,16.1
25/09/2022 5:55 AM,0,20,15,16.2
25/09/2022 6:00 AM,0,20,15,16.1
25/09/2022 6:05 AM,0,20,15,16.2
25/09/2022 6:10 AM,0,20,15,16.2
25/09/2022 6:15 AM,0,20,15,16.3
25/09/2022 6:20 AM,0,20,15,16.3
25/09/2022 6:25 AM,0,20,15,16.4
25/09/2022 6:30 AM,0,20,15,16.4
25/09/2022 6:35 AM,0,20,15,16.4
25/09/2022 6:40 AM,0,20,15,16.4
25/09/2022 6:45 AM,0,20,15,16.4
25/09/2022 6:50 AM,0,20,15,16.4
25/09/2022 6:55 AM,0,20,15,16.4
25/09/2022 7:00 AM,0,20,15,16.4
25/09/2022 7:05 AM,0,20,15,16.5
25/09/2022 7:10 AM,0,20,15,16.5
25/09/2022 7:15 AM,0,20,15,16.6
25/09/2022 7:20 AM,0,20,15,16.7
25/09/2022 7:25 AM,0,20,15,16.6
25/09/2022 7:30 AM,0,20,15,16.7
25/09/2022 7:35 AM,0,20,15,16.7
25/09/2022 7:40 AM,0,20,15,16.7
25/09/2022 7:45 AM,0,20,15,16.7
25/09/2022 7:50 AM,0,20,15,16.8
25/09/2022 7:55 AM,0,20,15,16.8
25/09/2022 8:00 AM,0,20,15,16.9
25/09/2022 8:05 AM,0,20,15,17
25/09/2022 8:10 AM,0,20,15,17.1
25/09/2022 8:15 AM,0,20,15,17.2
25/09/2022 8:20 AM,0,20,15,17.3
25/09/2022 8:25 AM,0,20,15,17.3
25/09/2022 8:30 AM,0,20,15,17.3
25/09/2022 8:35 AM,0,20,15,17.4
25/09/2022 8:40 AM,0,20,15,17.5
25/09/2022 8:45 AM,0,20,15,17.6
25/09/2022 8:50 AM,0,20,15,17.5
25/09/2022 8:55 AM,0,20,15,17.2
25/09/2022 9:00 AM,0,20,15,17.1
25/09/2022 9:05 AM,0,20,15,17
25/09/2022 9:10 AM,0,20,15,17
25/09/2022 9:15 AM,0,24,16,17.2
25/09/2022 9:20 AM,0,24,16,17.4
25/09/2022 9:25 AM,0,24,16,17.5
25/09/2022 9:30 AM,0,24,16,17.5
25/09/2022 9:35 AM,0,24,16,17.6
25/09/2022 9:40 AM,0,24,16,17.8
25/09/2022 9:45 AM,0,24,16,17.9
25/09/2022 9:50 AM,0,27,17,18.1
25/09/2022 9:55 AM,0,24,16,18.2
25/09/2022 10:00 AM,0,27,17,18.4
25/09/2022 10:05 AM,0,27,17,18.6
25/09/2022 10:10 AM,0,27,17,18.8
25/09/2022 10:15 AM,0,27,17,19
25/09/2022 10:20 AM,0,27,17,19.1
25/09/2022 10:25 AM,0,27,17,19.3
25/09/2022 10:30 AM,0,27,17,19.6
25/09/2022 10:35 AM,0,27,17,19.7
25/09/2022 10:40 AM,0,27,17,19.3
25/09/2022 10:45 AM,0,27,17,19.3
25/09/2022 10:50 AM,0,27,17,19.3
25/09/2022 10:55 AM,0,27,17,19.4
25/09/2022 11:00 AM,0,28,18,19.7
25/09/2022 11:05 AM,0,28,18,19.9
25/09/2022 11:10 AM,0,28,18,20.1
25/09/2022 11:15 AM,0,28,18,20.2
25/09/2022 11:20 AM,0,28,18,20.1
25/09/2022 11:25 AM,0,28,18,20.2
25/09/2022 11:30 AM,0,28,18,20.2
25/09/2022 11:35 AM,0,28,18,21.1
25/09/2022 11:40 AM,0,28,18,21.8
25/09/2022 11:45 AM,0,28,18,22
25/09/2022 11:50 AM,0,27,17,21.6
25/09/2022 11:55 AM,0,28,18,21.3
25/09/2022 12:00 PM,0,27,17,21.1
25/09/2022 12:05 PM,0,27,17,21.3
25/09/2022 12:10 PM,0,27,17,21.3
25/09/2022 12:15 PM,0,27,17,21.4
25/09/2022 12:20 PM,0,27,17,21.5
25/09/2022 12:25 PM,0,27,17,21.3
25/09/2022 12:30 PM,0,27,17,21.5
25/09/2022 12:35 PM,0,28,18,21.8
25/09/2022 12:40 PM,0,28,18,22.4
25/09/2022 12:45 PM,0,28,18,22.7
25/09/2022 12:50 PM,0,28,18,22.6
25/09/2022 12:55 PM,0,28,18,22.4
25/09/2022 1:00 PM,0,28,18,22.4
25/09/2022 1:05 PM,0,28,18,22.8
25/09/2022 1:10 PM,0,28,18,23.2
25/09/2022 1:15 PM,0,28,18,23
25/09/2022 1:20 PM,0,28,18,22.9
25/09/2022 1:25 PM,0,28,18,22.5
25/09/2022 1:30 PM,0,28,18,22.3
25/09/2022 1:35 PM,0,28,18,22.3
25/09/2022 1:40 PM,0,28,18,22.2
25/09/2022 1:45 PM,0,28,18,21.9
25/09/2022 1:50 PM,0,28,18,22
25/09/2022 1:55 PM,0,28,18,22.4
25/09/2022 2:00 PM,0,28,18,22.4
25/09/2022 2:05 PM,0,28,18,22.5
25/09/2022 2:10 PM,0,28,19,22.8
25/09/2022 2:15 PM,0,28,19,22.9
25/09/2022 2:20 PM,0,28,19,22.9
25/09/2022 2:25 PM,0,28,19,22.8
25/09/2022 2:30 PM,0,28,19,22.7
25/09/2022 2:35 PM,0,28,19,22.8
25/09/2022 2:40 PM,0,28,19,22.9
25/09/2022 2:45 PM,0,28,19,22.9
25/09/2022 2:50 PM,0,28,19,23
25/09/2022 2:55 PM,0,28,19,22.7
25/09/2022 3:00 PM,0,28,19,22.3
25/09/2022 3:05 PM,0,28,18,22.2
25/09/2022 3:10 PM,0,28,18,22.3
25/09/2022 3:15 PM,0,28,18,22.2
25/09/2022 3:20 PM,0,28,18,22
25/09/2022 3:25 PM,0,28,18,21.8
25/09/2022 3:30 PM,0,28,18,21.8
25/09/2022 3:35 PM,0,28,18,21.8
25/09/2022 3:40 PM,0,28,18,22.2
25/09/2022 3:45 PM,0,28,18,22.6
25/09/2022 3:50 PM,0,28,18,22.5
25/09/2022 3:55 PM,0,27,17,22.2
25/09/2022 4:00 PM,0,27,17,21.8
25/09/2022 4:05 PM,0,27,17,21.4
25/09/2022 4:10 PM,0,27,17,21.2
25/09/2022 4:15 PM,0,27,17,21.2
25/09/2022 4:20 PM,0,27,17,21.3
25/09/2022 4:25 PM,0,27,17,21.3
25/09/2022 4:30 PM,0,27,17,21.3
25/09/2022 4:35 PM,0,24,16,21.3
25/09/2022 4:40 PM,0,24,16,21.2
25/09/2022 4:45 PM,0,24,16,21.3
25/09/2022 4:50 PM,0,24,16,21.2
25/09/2022 4:55 PM,0,27,17,21.1
25/09/2022 5:00 PM,0,27,17,21.2
25/09/2022 5:05 PM,0,27,17,21.1
25/09/2022 5:10 PM,0,27,17,21.2
25/09/2022 5:15 PM,0,27,17,21.4
25/09/2022 5:20 PM,0,27,17,21.4
25/09/2022 5:25 PM,0,27,17,21.3
25/09/2022 5:30 PM,0,27,17,21.2
25/09/2022 5:35 PM,0,27,17,21
25/09/2022 5:40 PM,0,24,16,20.9
25/09/2022 5:45 PM,0,24,16,20.7
25/09/2022 5:50 PM,0,24,16,20.8
25/09/2022 5:55 PM,1,20,15,20.9
25/09/2022 6:00 PM,1,20,15,20.9
25/09/2022 6:05 PM,1,20,15,20.9
25/09/2022 6:10 PM,1,20,15,21
25/09/2022 6:15 PM,1,20,15,21.1
25/09/2022 6:20 PM,1,20,15,21
25/09/2022 6:25 PM,1,20,15,21
25/09/2022 6:30 PM,1,20,15,21
25/09/2022 6:35 PM,1,20,15,20.9
25/09/2022 6:40 PM,1,20,15,20.9
25/09/2022 6:45 PM,1,20,15,20.8
25/09/2022 6:50 PM,1,20,15,20.8
25/09/2022 6:55 PM,1,20,15,20.6
25/09/2022 7:00 PM,1,20,15,20.5
25/09/2022 7:05 PM,1,20,15,20.4
25/09/2022 7:10 PM,1,20,15,20.3
25/09/2022 7:15 PM,1,20,15,20.2
25/09/2022 7:20 PM,0,20,15,20
25/09/2022 7:25 PM,0,20,15,19.9
25/09/2022 7:30 PM,0,20,15,19.7
25/09/2022 7:35 PM,0,20,15,19.6
25/09/2022 7:40 PM,0,20,15,19.4
25/09/2022 7:45 PM,0,20,15,19.3
25/09/2022 7:50 PM,0,20,15,19.2
25/09/2022 7:55 PM,0,20,15,19.1
25/09/2022 8:00 PM,0,20,15,19
25/09/2022 8:05 PM,0,20,15,18.9
25/09/2022 8:10 PM,0,20,15,18.8
25/09/2022 8:15 PM,0,20,15,18.7
25/09/2022 8:20 PM,0,20,15,18.5
25/09/2022 8:25 PM,0,20,15,18.3
25/09/2022 8:30 PM,0,20,15,18.2
25/09/2022 8:35 PM,0,20,15,18.1
25/09/2022 8:40 PM,0,20,15,18.3
25/09/2022 8:45 PM,0,20,15,18.2
25/09/2022 8:50 PM,0,20,15,18.1
25/09/2022 8:55 PM,0,20,15,17.9
25/09/2022 9:00 PM,0,20,15,17.7
25/09/2022 9:05 PM,0,20,15,17.7
25/09/2022 9:10 PM,0,20,15,17.6
25/09/2022 9:15 PM,0,20,15,17.5
25/09/2022 9:20 PM,0,20,15,17.4
25/09/2022 9:25 PM,0,20,15,17.3
25/09/2022 9:30 PM,0,20,15,17.1
25/09/2022 9:35 PM,0,20,15,17
25/09/2022 9:40 PM,0,20,15,17
25/09/2022 9:45 PM,0,20,15,16.8
25/09/2022 9:50 PM,0,20,15,16.7
25/09/2022 9:55 PM,0,20,15,16.7
25/09/2022 10:00 PM,0,20,15,16.6
25/09/2022 10:05 PM,0,20,15,16.6
25/09/2022 10:10 PM,0,20,15,16.8
25/09/2022 10:15 PM,0,20,15,16.9
25/09/2022 10:20 PM,0,20,15,17
25/09/2022 10:25 PM,0,20,15,17
25/09/2022 10:30 PM,0,20,15,17.1
25/09/2022 10:35 PM,0,20,15,17.3
25/09/2022 10:40 PM,0,20,15,17.3
25/09/2022 10:45 PM,0,20,15,17.3
25/09/2022 10:50 PM,0,20,15,17.3
25/09/2022 10:55 PM,0,20,15,17.4
25/09/2022 11:00 PM,0,20,15,17.4
25/09/2022 11:05 PM,0,20,15,17.4
25/09/2022 11:10 PM,0,20,15,17.3
25/09/2022 11:15 PM,0,20,15,17.2
25/09/2022 11:20 PM,0,20,15,17.2
25/09/2022 11:25 PM,0,20,15,17.2
25/09/2022 11:30 PM,0,20,15,17.1
25/09/2022 11:35 PM,0,20,15,17.1
25/09/2022 11:40 PM,0,20,15,17.1
25/09/2022 11:45 PM,0,20,15,17
25/09/2022 11:50 PM,0,20,15,17.1
25/09/2022 11:55 PM,0,20,15,17.1
26/09/2022 12:00 AM,0,20,15,17.2
26/09/2022 12:05 AM,0,20,15,17.2
26/09/2022 12:10 AM,0,20,15,17.2
26/09/2022 12:15 AM,0,20,15,17.2
26/09/2022 12:20 AM,0,20,15,17.2
26/09/2022 12:25 AM,0,20,15,17.1
26/09/2022 12:30 AM,0,20,15,17.1
26/09/2022 12:35 AM,0,20,15,17
26/09/2022 12:40 AM,0,20,15,17
26/09/2022 12:45 AM,0,20,15,16.9
26/09/2022 12:50 AM,0,20,15,16.9
26/09/2022 12:55 AM,0,20,15,17
26/09/2022 1:00 AM,0,20,15,16.9
26/09/2022 1:05 AM,0,20,15,16.9
26/09/2022 1:10 AM,0,20,15,16.9
26/09/2022 1:15 AM,0,20,15,16.9
26/09/2022 1:20 AM,0,20,15,16.9
26/09/2022 1:25 AM,0,20,15,16.9
26/09/2022 1:30 AM,0,20,15,17
26/09/2022 1:35 AM,0,20,15,16.9
26/09/2022 1:40 AM,0,20,15,16.8
26/09/2022 1:45 AM,0,20,15,16.7
26/09/2022 1:50 AM,0,20,15,16.8
26/09/2022 1:55 AM,0,20,15,16.8
26/09/2022 2:00 AM,0,20,15,16.7
26/09/2022 2:05 AM,0,20,15,16.6
26/09/2022 2:10 AM,0,20,15,16.5
26/09/2022 2:15 AM,0,20,15,16.4
26/09/2022 2:20 AM,0,20,15,16.2
26/09/2022 2:25 AM,0,20,15,16.2
26/09/2022 2:30 AM,0,20,15,16.1
26/09/2022 2:35 AM,0,20,15,16.1
26/09/2022 2:40 AM,0,20,15,16.1
26/09/2022 2:45 AM,0,20,15,16.1
26/09/2022 2:50 AM,0,20,15,16.1
26/09/2022 2:55 AM,0,20,15,16.1
26/09/2022 3:00 AM,0,20,15,16.1
26/09/2022 3:05 AM,0,20,15,16.1
26/09/2022 3:10 AM,0,20,15,16
26/09/2022 3:15 AM,0,20,15,16
26/09/2022 3:20 AM,0,20,15,16
26/09/2022 3:25 AM,0,20,15,15.9
26/09/2022 3:30 AM,0,20,15,15.9
26/09/2022 3:35 AM,0,20,15,15.9
26/09/2022 3:40 AM,0,20,15,15.9
26/09/2022 3:45 AM,0,20,15,15.9
26/09/2022 3:50 AM,0,20,15,15.7
26/09/2022 3:55 AM,0,20,15,15.9
26/09/2022 4:00 AM,0,20,15,15.9
26/09/2022 4:05 AM,0,20,15,16
26/09/2022 4:10 AM,0,20,15,16
26/09/2022 4:15 AM,0,20,15,16.1
26/09/2022 4:20 AM,0,20,15,16.1
26/09/2022 4:25 AM,0,20,15,16.2
26/09/2022 4:30 AM,0,20,15,16.2
26/09/2022 4:35 AM,0,20,15,16.2
26/09/2022 4:40 AM,0,20,15,16.1
26/09/2022 4:45 AM,0,20,15,16.2
26/09/2022 4:50 AM,0,20,15,16.2
26/09/2022 4:55 AM,0,20,15,16.2
26/09/2022 5:00 AM,0,20,15,16.2
26/09/2022 5:05 AM,0,20,15,16.2
26/09/2022 5:10 AM,0,20,15,16.2
26/09/2022 5:15 AM,0,20,15,16.3
26/09/2022 5:20 AM,0,20,15,16.3
26/09/2022 5:25 AM,0,20,15,16.3
26/09/2022 5:30 AM,0,20,15,16.4
26/09/2022 5:35 AM,0,20,15,16.5
26/09/2022 5:40 AM,0,20,15,16.6
26/09/2022 5:45 AM,0,20,15,16.7
26/09/2022 5:50 AM,0,20,15,16.6
26/09/2022 5:55 AM,0,20,15,16.4
26/09/2022 6:00 AM,0,20,15,16.3
26/09/2022 6:05 AM,0,20,15,16.3
26/09/2022 6:10 AM,0,20,15,16.3
26/09/2022 6:15 AM,0,20,15,16.3
26/09/2022 6:20 AM,0,20,15,16.3
26/09/2022 6:25 AM,0,20,15,16.2
26/09/2022 6:30 AM,0,20,15,16.1
26/09/2022 6:35 AM,0,20,15,16.1
26/09/2022 6:40 AM,0,20,15,16.1
26/09/2022 6:45 AM,0,20,15,16.2
26/09/2022 6:50 AM,0,20,15,16.2
26/09/2022 6:55 AM,0,20,15,16.3
26/09/2022 7:00 AM,0,20,15,16.5
26/09/2022 7:05 AM,0,20,15,16.5
26/09/2022 7:10 AM,0,20,15,16.6
26/09/2022 7:15 AM,0,20,15,16.7
26/09/2022 7:20 AM,0,20,15,16.8
26/09/2022 7:25 AM,0,20,15,16.9
26/09/2022 7:30 AM,0,20,15,17
26/09/2022 7:35 AM,0,20,15,17
26/09/2022 7:40 AM,0,20,15,17
26/09/2022 7:45 AM,0,20,15,17.2
26/09/2022 7:50 AM,0,20,15,17.3
26/09/2022 7:55 AM,0,20,15,17.3
26/09/2022 8:00 AM,0,20,15,17.4
26/09/2022 8:05 AM,0,20,15,17.5
26/09/2022 8:10 AM,0,20,15,17.5
26/09/2022 8:15 AM,0,20,15,17.6
26/09/2022 8:20 AM,0,20,15,17.6
26/09/2022 8:25 AM,0,20,15,17.6
26/09/2022 8:30 AM,0,20,15,17.7
26/09/2022 8:35 AM,0,20,15,17.7
26/09/2022 8:40 AM,0,20,15,17.8
26/09/2022 8:45 AM,0,20,15,17.6
26/09/2022 8:50 AM,0,20,15,17.5
26/09/2022 8:55 AM,0,20,15,17
26/09/2022 9:00 AM,0,20,15,16.8
26/09/2022 9:05 AM,0,20,15,16.6
26/09/2022 9:10 AM,0,20,15,16.7
26/09/2022 9:15 AM,0,20,15,16.6
26/09/2022 9:20 AM,0,20,15,16.7
26/09/2022 9:25 AM,0,20,15,16.7
26/09/2022 9:30 AM,0,20,15,16.7
26/09/2022 9:35 AM,0,20,15,16.7
26/09/2022 9:40 AM,0,20,15,16.7
26/09/2022 9:45 AM,0,20,15,16.7
26/09/2022 9:50 AM,0,20,15,16.7
26/09/2022 9:55 AM,0,20,15,16.8
26/09/2022 10:00 AM,0,20,15,16.8
26/09/2022 10:05 AM,0,20,15,16.8
26/09/2022 10:10 AM,0,20,15,16.8
26/09/2022 10:15 AM,0,24,16,16.8
26/09/2022 10:20 AM,0,20,15,16.9
26/09/2022 10:25 AM,0,20,15,17
26/09/2022 10:30 AM,0,20,15,17
26/09/2022 10:35 AM,0,20,15,17
26/09/2022 10:40 AM,0,20,15,17
26/09/2022 10:45 AM,0,20,15,17
26/09/2022 10:50 AM,0,24,16,17.1
26/09/2022 10:55 AM,0,24,16,17.3
26/09/2022 11:00 AM,0,27,17,17.6
26/09/2022 11:05 AM,0,27,17,17.9
26/09/2022 11:10 AM,0,24,16,18
26/09/2022 11:15 AM,0,24,16,18.1
26/09/2022 11:20 AM,0,20,15,18
26/09/2022 11:25 AM,0,24,16,18
26/09/2022 11:30 AM,0,20,15,18
26/09/2022 11:35 AM,0,20,15,17.9
26/09/2022 11:40 AM,0,20,15,17.9
26/09/2022 11:45 AM,0,20,15,17.9
26/09/2022 11:50 AM,0,20,15,17.8
26/09/2022 11:55 AM,0,24,16,17.9
26/09/2022 12:00 PM,0,20,15,17.9
26/09/2022 12:05 PM,0,20,15,17.9
26/09/2022 12:10 PM,0,24,16,18
26/09/2022 12:15 PM,0,20,15,18.1
26/09/2022 12:20 PM,0,20,15,18.1
26/09/2022 12:25 PM,0,20,15,18.1
26/09/2022 12:30 PM,0,24,16,18.2
26/09/2022 12:35 PM,0,24,16,18.3
26/09/2022 12:40 PM,0,24,16,18.5
26/09/2022 12:45 PM,0,24,16,18.6
26/09/2022 12:50 PM,0,24,16,18.7
26/09/2022 12:55 PM,0,20,15,18.7
26/09/2022 1:00 PM,0,20,15,18.7
26/09/2022 1:05 PM,0,24,16,18.8
26/09/2022 1:10 PM,0,24,16,18.9
26/09/2022 1:15 PM,0,24,16,19
26/09/2022 1:20 PM,0,27,17,19.2
26/09/2022 1:25 PM,0,27,17,19.6
26/09/2022 1:30 PM,0,27,17,19.9
26/09/2022 1:35 PM,0,27,17,20.3
26/09/2022 1:40 PM,0,27,17,20.7
26/09/2022 1:45 PM,0,27,17,20.5
26/09/2022 1:50 PM,0,27,17,20.8
26/09/2022 1:55 PM,0,27,17,20.8
26/09/2022 2:00 PM,0,24,16,20.8
26/09/2022 2:05 PM,0,27,17,20.5
26/09/2022 2:10 PM,0,27,17,20.6
26/09/2022 2:15 PM,0,27,17,20.8
26/09/2022 2:20 PM,0,27,17,20.8
26/09/2022 2:25 PM,0,27,17,20.9
26/09/2022 2:30 PM,0,24,16,20.8
26/09/2022 2:35 PM,0,27,17,20.8
26/09/2022 2:40 PM,0,27,17,20.9
26/09/2022 2:45 PM,0,27,17,21.2
26/09/2022 2:50 PM,0,27,17,21.8
26/09/2022 2:55 PM,0,27,17,22.2
26/09/2022 3:00 PM,0,27,17,22
26/09/2022 3:05 PM,0,27,17,21.9
26/09/2022 3:10 PM,0,27,17,21.8
26/09/2022 3:15 PM,0,27,17,21.4
26/09/2022 3:20 PM,0,27,17,21.3
26/09/2022 3:25 PM,0,27,17,21.2
26/09/2022 3:30 PM,0,27,17,20.9
26/09/2022 3:35 PM,0,24,16,20.8
26/09/2022 3:40 PM,0,24,16,20.7
26/09/2022 3:45 PM,0,24,16,20.7
26/09/2022 3:50 PM,0,27,17,20.6
26/09/2022 3:55 PM,0,27,17,20.7
26/09/2022 4:00 PM,0,24,16,20.8
26/09/2022 4:05 PM,0,24,16,20.9
26/09/2022 4:10 PM,0,24,16,20.8
26/09/2022 4:15 PM,0,27,17,20.7
26/09/2022 4:20 PM,0,27,17,20.8
26/09/2022 4:25 PM,0,27,17,21
26/09/2022 4:30 PM,0,27,17,21
26/09/2022 4:35 PM,0,27,17,20.9
26/09/2022 4:40 PM,0,27,17,20.9
26/09/2022 4:45 PM,0,27,17,20.7
26/09/2022 4:50 PM,0,27,17,20.6
26/09/2022 4:55 PM,0,27,17,20.4
26/09/2022 5:00 PM,0,27,17,20.3
26/09/2022 5:05 PM,0,27,17,20.1
26/09/2022 5:10 PM,0,27,17,20.3
26/09/2022 5:15 PM,0,27,17,20.4
26/09/2022 5:20 PM,0,27,17,20.6
26/09/2022 5:25 PM,0,27,17,20.8
26/09/2022 5:30 PM,0,27,17,20.7
26/09/2022 5:35 PM,0,24,16,20.5
26/09/2022 5:40 PM,0,24,16,20.4
26/09/2022 5:45 PM,0,24,16,20.2
26/09/2022 5:50 PM,0,24,16,20.3
26/09/2022 5:55 PM,0,24,16,20.4
26/09/2022 6:00 PM,0,24,16,20.4
26/09/2022 6:05 PM,1,20,15,20.3
26/09/2022 6:10 PM,1,20,15,20.3
26/09/2022 6:15 PM,1,20,15,20.3
26/09/2022 6:20 PM,1,20,15,20.4
26/09/2022 6:25 PM,1,20,15,20.3
26/09/2022 6:30 PM,1,20,15,20.2
26/09/2022 6:35 PM,1,20,15,20.3
26/09/2022 6:40 PM,1,20,15,20.2
26/09/2022 6:45 PM,1,20,15,20.1
26/09/2022 6:50 PM,0,20,15,20
26/09/2022 6:55 PM,0,20,15,19.8
26/09/2022 7:00 PM,0,20,15,19.7
26/09/2022 7:05 PM,0,20,15,19.6
26/09/2022 7:10 PM,0,20,15,19.5
26/09/2022 7:15 PM,0,20,15,19.4
26/09/2022 7:20 PM,0,20,15,19.3
26/09/2022 7:25 PM,0,20,15,19.4
26/09/2022 7:30 PM,0,20,15,19.4
26/09/2022 7:35 PM,0,20,15,19.3
26/09/2022 7:40 PM,0,20,15,19.2
26/09/2022 7:45 PM,0,20,15,19.1
26/09/2022 7:50 PM,0,20,15,19.1
26/09/2022 7:55 PM,0,20,15,19
26/09/2022 8:00 PM,0,20,15,18.9
26/09/2022 8:05 PM,0,20,15,18.8
26/09/2022 8:10 PM,0,20,15,18.7
26/09/2022 8:15 PM,0,20,15,18.5
26/09/2022 8:20 PM,0,20,15,18.4
26/09/2022 8:25 PM,0,20,15,18.2
26/09/2022 8:30 PM,0,20,15,18.2
26/09/2022 8:35 PM,0,20,15,18.2
26/09/2022 8:40 PM,0,20,15,18.1
26/09/2022 8:45 PM,0,20,15,18
26/09/2022 8:50 PM,0,20,15,17.9
26/09/2022 8:55 PM,0,20,15,17.9
26/09/2022 9:00 PM,0,20,15,17.8
26/09/2022 9:05 PM,0,20,15,17.7
26/09/2022 9:10 PM,0,20,15,17.6
26/09/2022 9:15 PM,0,20,15,17.6
26/09/2022 9:20 PM,0,20,15,17.5
26/09/2022 9:25 PM,0,20,15,17.5
26/09/2022 9:30 PM,0,20,15,17.4
26/09/2022 9:35 PM,0,20,15,17.3
26/09/2022 9:40 PM,0,20,15,17.3
26/09/2022 9:45 PM,0,20,15,17.3
26/09/2022 9:50 PM,0,20,15,17.2
26/09/2022 9:55 PM,0,20,15,17.2
26/09/2022 10:00 PM,0,20,15,17.2
26/09/2022 10:05 PM,0,20,15,17.1
26/09/2022 10:10 PM,0,20,15,17.1
26/09/2022 10:15 PM,0,20,15,17.1
26/09/2022 10:20 PM,0,20,15,17
26/09/2022 10:25 PM,0,20,15,17
26/09/2022 10:30 PM,0,20,15,17
26/09/2022 10:35 PM,0,20,15,16.9
26/09/2022 10:40 PM,0,20,15,16.8
26/09/2022 10:45 PM,0,20,15,16.8
26/09/2022 10:50 PM,0,20,15,16.9
26/09/2022 10:55 PM,0,20,15,16.8
26/09/2022 11:00 PM,0,20,15,16.8
26/09/2022 11:05 PM,0,20,15,16.8
26/09/2022 11:10 PM,0,20,15,16.8
26/09/2022 11:15 PM,0,20,15,16.8
26/09/2022 11:20 PM,0,20,15,16.8
26/09/2022 11:25 PM,0,20,15,16.9
26/09/2022 11:30 PM,0,20,15,16.8
26/09/2022 11:35 PM,0,20,15,16.8
26/09/2022 11:40 PM,0,20,15,16.8
26/09/2022 11:45 PM,0,20,15,16.8
26/09/2022 11:50 PM,0,20,15,16.8
26/09/2022 11:55 PM,0,20,15,16.9
27/09/2022 12:00 AM,0,20,15,16.9
27/09/2022 12:05 AM,0,20,15,16.8
27/09/2022 12:10 AM,0,20,15,16.8
27/09/2022 12:15 AM,0,20,15,16.9
27/09/2022 12:20 AM,0,20,15,16.9
27/09/2022 12:25 AM,0,20,15,16.9
27/09/2022 12:30 AM,0,20,15,16.9
27/09/2022 12:35 AM,0,20,15,16.8
27/09/2022 12:40 AM,0,20,15,16.7
27/09/2022 12:45 AM,0,20,15,16.7
27/09/2022 12:50 AM,0,20,15,16.7
27/09/2022 12:55 AM,0,20,15,16.6
27/09/2022 1:00 AM,0,20,15,16.5
27/09/2022 1:05 AM,0,20,15,16.4
27/09/2022 1:10 AM,0,20,15,16.4
27/09/2022 1:15 AM,0,20,15,16.3
27/09/2022 1:20 AM,0,20,15,16.3
27/09/2022 1:25 AM,0,20,15,16.2
27/09/2022 1:30 AM,0,20,15,16.2
27/09/2022 1:35 AM,0,20,15,16.1
27/09/2022 1:40 AM,0,20,15,16.1
27/09/2022 1:45 AM,0,20,15,16
27/09/2022 1:50 AM,0,20,15,16
27/09/2022 1:55 AM,0,20,15,15.9
27/09/2022 2:00 AM,0,20,15,15.9
27/09/2022 2:05 AM,0,20,15,15.9
27/09/2022 2:10 AM,0,20,15,16
27/09/2022 2:15 AM,0,20,15,16
27/09/2022 2:20 AM,0,20,15,16
27/09/2022 2:25 AM,0,20,15,16
27/09/2022 2:30 AM,0,20,15,16
27/09/2022 2:35 AM,0,20,15,16
27/09/2022 2:40 AM,0,20,15,16
27/09/2022 2:45 AM,0,20,15,16
27/09/2022 2:50 AM,0,20,15,16
27/09/2022 2:55 AM,0,20,15,15.9
27/09/2022 3:00 AM,0,20,15,15.9
27/09/2022 3:05 AM,0,20,15,15.9
27/09/2022 3:10 AM,0,20,15,15.8
27/09/2022 3:15 AM,0,20,15,15.8
27/09/2022 3:20 AM,0,20,15,15.8
27/09/2022 3:25 AM,0,20,15,15.7
27/09/2022 3:30 AM,0,20,15,15.6
27/09/2022 3:35 AM,0,20,15,15.6
27/09/2022 3:40 AM,0,20,15,15.6
27/09/2022 3:45 AM,0,20,15,15.5
27/09/2022 3:50 AM,0,20,15,15.5
27/09/2022 3:55 AM,0,20,15,15.5
27/09/2022 4:00 AM,0,20,15,15.5
27/09/2022 4:05 AM,0,20,15,15.5
27/09/2022 4:10 AM,0,20,15,15.5
27/09/2022 4:15 AM,0,20,15,15.5
27/09/2022 4:20 AM,0,20,15,15.5
27/09/2022 4:25 AM,0,20,15,15.5
27/09/2022 4:30 AM,0,20,15,15.4
27/09/2022 4:35 AM,0,20,15,15.4
27/09/2022 4:40 AM,0,20,15,15.4
27/09/2022 4:45 AM,0,20,15,15.4
27/09/2022 4:50 AM,0,20,15,15.4
27/09/2022 4:55 AM,0,20,15,15.4
27/09/2022 5:00 AM,0,20,15,15.5
27/09/2022 5:05 AM,0,20,15,15.6
27/09/2022 5:10 AM,0,20,15,15.7
27/09/2022 5:15 AM,0,20,15,15.7
27/09/2022 5:20 AM,0,20,15,15.9
27/09/2022 5:25 AM,0,20,15,16
27/09/2022 5:30 AM,0,20,15,16
27/09/2022 5:35 AM,0,20,15,16
27/09/2022 5:40 AM,0,20,15,16
27/09/2022 5:45 AM,0,20,15,16.1
27/09/2022 5:50 AM,0,20,15,16.1
27/09/2022 5:55 AM,0,20,15,16.2
27/09/2022 6:00 AM,0,20,15,16.2
27/09/2022 6:05 AM,0,20,15,16.2
27/09/2022 6:10 AM,0,20,15,16.3
27/09/2022 6:15 AM,0,20,15,16.3
27/09/2022 6:20 AM,0,20,15,16.4
27/09/2022 6:25 AM,0,20,15,16.5
27/09/2022 6:30 AM,0,20,15,16.7
27/09/2022 6:35 AM,0,20,15,16.7
27/09/2022 6:40 AM,0,20,15,16.7
27/09/2022 6:45 AM,0,20,15,16.7
27/09/2022 6:50 AM,0,20,15,16.7
27/09/2022 6:55 AM,0,20,15,16.7
27/09/2022 7:00 AM,0,20,15,16.7
27/09/2022 7:05 AM,0,20,15,16.7
27/09/2022 7:10 AM,0,20,15,16.7
27/09/2022 7:15 AM,0,20,15,16.7
27/09/2022 7:20 AM,0,20,15,16.7
27/09/2022 7:25 AM,0,20,15,16.7
27/09/2022 7:30 AM,0,20,15,16.7
27/09/2022 7:35 AM,0,20,15,16.7
27/09/2022 7:40 AM,0,20,15,16.8
27/09/2022 7:45 AM,0,20,15,16.8
27/09/2022 7:50 AM,0,20,15,16.9
27/09/2022 7:55 AM,0,20,15,16.9
27/09/2022 8:00 AM,0,20,15,16.9
27/09/2022 8:05 AM,0,20,15,16.9
27/09/2022 8:10 AM,0,20,15,17
27/09/2022 8:15 AM,0,20,15,17
27/09/2022 8:20 AM,0,20,15,17
27/09/2022 8:25 AM,0,20,15,17.1
27/09/2022 8:30 AM,0,20,15,17.3
27/09/2022 8:35 AM,0,20,15,17.3
27/09/2022 8:40 AM,0,20,15,17.4
27/09/2022 8:45 AM,0,20,15,17.5
27/09/2022 8:50 AM,0,20,15,17.5
27/09/2022 8:55 AM,0,20,15,17.3
27/09/2022 9:00 AM,0,20,15,17
27/09/2022 9:05 AM,0,20,15,16.5
27/09/2022 9:10 AM,0,20,15,16.1
27/09/2022 9:15 AM,0,20,15,16.4
27/09/2022 9:20 AM,0,20,15,16.4
27/09/2022 9:25 AM,0,24,16,16.3
27/09/2022 9:30 AM,0,24,16,16.4
27/09/2022 9:35 AM,0,20,15,16.6
27/09/2022 9:40 AM,0,20,15,16.6
27/09/2022 9:45 AM,0,20,15,16.5
27/09/2022 9:50 AM,0,20,15,16.4
27/09/2022 9:55 AM,0,20,15,16.3
27/09/2022 10:00 AM,0,20,15,16.2
27/09/2022 10:05 AM,0,20,15,16.2
27/09/2022 10:10 AM,0,20,15,16.1
27/09/2022 10:15 AM,0,20,15,16
27/09/2022 10:20 AM,0,20,15,15.9
27/09/2022 10:25 AM,1,24,16,15.9
27/09/2022 10:30 AM,0,24,16,16
27/09/2022 10:35 AM,0,24,16,16
27/09/2022 10:40 AM,1,27,17,16.2
27/09/2022 10:45 AM,1,27,17,16.3
27/09/2022 10:50 AM,1,27,17,16.6
27/09/2022 10:55 AM,0,27,17,17
27/09/2022 11:00 AM,0,24,16,17.2
27/09/2022 11:05 AM,0,24,16,17.4
27/09/2022 11:10 AM,0,24,16,17.5
27/09/2022 11:15 AM,0,27,17,17.7
27/09/2022 11:20 AM,0,24,16,17.8
27/09/2022 11:25 AM,0,24,16,17.8
27/09/2022 11:30 AM,0,20,15,17.6
27/09/2022 11:35 AM,0,20,15,17.5
27/09/2022 11:40 AM,0,20,15,17.3
27/09/2022 11:45 AM,0,20,15,17.1
27/09/2022 11:50 AM,0,20,15,17
27/09/2022 11:55 AM,0,20,15,16.8
27/09/2022 12:00 PM,0,20,15,16.8
27/09/2022 12:05 PM,0,20,15,16.7
27/09/2022 12:10 PM,0,20,15,16.7
27/09/2022 12:15 PM,0,20,15,16.7
27/09/2022 12:20 PM,0,24,16,16.8
27/09/2022 12:25 PM,0,24,16,16.8
27/09/2022 12:30 PM,0,24,16,17
27/09/2022 12:35 PM,0,24,16,17.2
27/09/2022 12:40 PM,0,24,16,17.4
27/09/2022 12:45 PM,0,24,16,17.5
27/09/2022 12:50 PM,0,24,16,17.7
27/09/2022 12:55 PM,0,27,17,18.5
27/09/2022 1:00 PM,0,27,17,19.3
27/09/2022 1:05 PM,0,27,17,19.8
27/09/2022 1:10 PM,0,27,17,20.6
27/09/2022 1:15 PM,0,27,17,21.2
27/09/2022 1:20 PM,0,27,17,21.9
27/09/2022 1:25 PM,0,27,17,22
27/09/2022 1:30 PM,0,27,17,21.6
27/09/2022 1:35 PM,0,27,17,21.1
27/09/2022 1:40 PM,0,27,17,21
27/09/2022 1:45 PM,0,27,17,20.9
27/09/2022 1:50 PM,0,27,17,21.1
27/09/2022 1:55 PM,0,28,18,21.6
27/09/2022 2:00 PM,0,28,18,22.1
27/09/2022 2:05 PM,0,28,18,22.7
27/09/2022 2:10 PM,0,28,18,22.7
27/09/2022 2:15 PM,0,28,18,22.6
27/09/2022 2:20 PM,0,28,18,22
27/09/2022 2:25 PM,0,28,18,21.5
27/09/2022 2:30 PM,0,27,17,21
27/09/2022 2:35 PM,0,27,17,20.9
27/09/2022 2:40 PM,0,27,17,21.2
27/09/2022 2:45 PM,0,27,17,21.4
27/09/2022 2:50 PM,0,27,17,21.4
27/09/2022 2:55 PM,0,27,17,21.4
27/09/2022 3:00 PM,0,27,17,21.4
27/09/2022 3:05 PM,0,27,17,21.3
27/09/2022 3:10 PM,0,27,17,21
27/09/2022 3:15 PM,0,27,17,20.9
27/09/2022 3:20 PM,0,27,17,20.6
27/09/2022 3:25 PM,0,27,17,20.7
27/09/2022 3:30 PM,0,27,17,20.9
27/09/2022 3:35 PM,0,27,17,21.1
27/09/2022 3:40 PM,0,27,17,21.4
27/09/2022 3:45 PM,0,27,17,21.5
27/09/2022 3:50 PM,0,27,17,21.3
27/09/2022 3:55 PM,0,27,17,21
27/09/2022 4:00 PM,0,27,17,20.7
27/09/2022 4:05 PM,0,24,16,20.6
27/09/2022 4:10 PM,0,24,16,20.4
27/09/2022 4:15 PM,1,20,15,20.3
27/09/2022 4:20 PM,0,20,15,20
27/09/2022 4:25 PM,0,24,16,19.8
27/09/2022 4:30 PM,0,24,16,19.8
27/09/2022 4:35 PM,0,24,16,19.9
27/09/2022 4:40 PM,0,24,16,19.7
27/09/2022 4:45 PM,0,24,16,19.6
27/09/2022 4:50 PM,0,24,16,19.5
27/09/2022 4:55 PM,0,24,16,19.4
27/09/2022 5:00 PM,0,27,17,19.4
27/09/2022 5:05 PM,0,27,17,19.6
27/09/2022 5:10 PM,0,27,17,19.9
27/09/2022 5:15 PM,0,24,16,20.1
27/09/2022 5:20 PM,0,24,16,20.1
27/09/2022 5:25 PM,1,20,15,20.1
27/09/2022 5:30 PM,1,20,15,20.2
27/09/2022 5:35 PM,1,20,15,20.3
27/09/2022 5:40 PM,1,20,15,20.3
27/09/2022 5:45 PM,1,20,15,20.3
27/09/2022 5:50 PM,1,20,15,20.2
27/09/2022 5:55 PM,1,20,15,20.2
27/09/2022 6:00 PM,1,20,15,20.2
27/09/2022 6:05 PM,1,20,15,20.2
27/09/2022 6:10 PM,1,20,15,20.3
27/09/2022 6:15 PM,1,20,15,20.3
27/09/2022 6:20 PM,1,20,15,20.3
27/09/2022 6:25 PM,1,20,15,20.3
27/09/2022 6:30 PM,1,20,15,20.3
27/09/2022 6:35 PM,1,20,15,20.2
27/09/2022 6:40 PM,1,20,15,20.1
27/09/2022 6:45 PM,1,20,15,20.1
27/09/2022 6:50 PM,0,20,15,20
27/09/2022 6:55 PM,0,20,15,19.8
27/09/2022 7:00 PM,0,20,15,19.8
27/09/2022 7:05 PM,0,20,15,19.7
27/09/2022 7:10 PM,0,20,15,19.5
27/09/2022 7:15 PM,0,20,15,19.4
27/09/2022 7:20 PM,0,20,15,19.3
27/09/2022 7:25 PM,0,20,15,19.2
27/09/2022 7:30 PM,0,20,15,19.1
27/09/2022 7:35 PM,0,20,15,19
27/09/2022 7:40 PM,0,20,15,18.9
27/09/2022 7:45 PM,0,20,15,18.8
27/09/2022 7:50 PM,0,20,15,18.7
27/09/2022 7:55 PM,0,20,15,18.7
27/09/2022 8:00 PM,0,20,15,18.5
27/09/2022 8:05 PM,0,20,15,18.4
27/09/2022 8:10 PM,0,20,15,18.3
27/09/2022 8:15 PM,0,20,15,18.2
27/09/2022 8:20 PM,0,20,15,18
27/09/2022 8:25 PM,0,20,15,17.9
27/09/2022 8:30 PM,0,20,15,17.8
27/09/2022 8:35 PM,0,20,15,17.6
27/09/2022 8:40 PM,0,20,15,17.5
27/09/2022 8:45 PM,0,20,15,17.4
27/09/2022 8:50 PM,0,20,15,17.3
27/09/2022 8:55 PM,0,20,15,17.1
27/09/2022 9:00 PM,0,20,15,17
27/09/2022 9:05 PM,0,20,15,17
27/09/2022 9:10 PM,0,20,15,16.9
27/09/2022 9:15 PM,0,20,15,16.8
27/09/2022 9:20 PM,0,20,15,16.8
27/09/2022 9:25 PM,0,20,15,16.8
27/09/2022 9:30 PM,0,20,15,16.8
27/09/2022 9:35 PM,0,20,15,16.8
27/09/2022 9:40 PM,0,20,15,16.8
27/09/2022 9:45 PM,0,20,15,16.8
27/09/2022 9:50 PM,0,20,15,16.8
27/09/2022 9:55 PM,0,20,15,16.7
27/09/2022 10:00 PM,0,20,15,16.7
27/09/2022 10:05 PM,0,20,15,16.6
27/09/2022 10:10 PM,0,20,15,16.5
27/09/2022 10:15 PM,0,20,15,16.5
27/09/2022 10:20 PM,0,20,15,16.4
27/09/2022 10:25 PM,0,20,15,16.4
27/09/2022 10:30 PM,0,20,15,16.4
27/09/2022 10:35 PM,0,20,15,16.3
27/09/2022 10:40 PM,0,20,15,16.3
27/09/2022 10:45 PM,0,20,15,16.3
27/09/2022 10:50 PM,0,20,15,16.2
27/09/2022 10:55 PM,0,20,15,16.1
27/09/2022 11:00 PM,0,20,15,16.1
27/09/2022 11:05 PM,0,20,15,16.1
27/09/2022 11:10 PM,0,20,15,16.1
27/09/2022 11:15 PM,0,20,15,16.1
27/09/2022 11:20 PM,0,20,15,16.1
27/09/2022 11:25 PM,0,20,15,16.1
27/09/2022 11:30 PM,0,20,15,16
27/09/2022 11:35 PM,0,20,15,15.9
27/09/2022 11:40 PM,0,20,15,15.9
27/09/2022 11:45 PM,0,20,15,15.9
27/09/2022 11:50 PM,0,20,15,15.9
27/09/2022 11:55 PM,0,20,15,15.9
28/09/2022 12:00 AM,0,20,15,15.9
28/09/2022 12:05 AM,0,20,15,15.8
28/09/2022 12:10 AM,0,20,15,15.8
28/09/2022 12:15 AM,0,20,15,15.9
28/09/2022 12:20 AM,0,20,15,15.8
28/09/2022 12:25 AM,0,20,15,15.8
28/09/2022 12:30 AM,0,20,15,15.8
28/09/2022 12:35 AM,0,20,15,15.8
28/09/2022 12:40 AM,0,20,15,15.8
28/09/2022 12:45 AM,0,20,15,15.8
28/09/2022 12:50 AM,0,20,15,15.8
28/09/2022 12:55 AM,0,20,15,15.8
28/09/2022 1:00 AM,0,20,15,15.7
28/09/2022 1:05 AM,0,20,15,15.7
28/09/2022 1:10 AM,0,20,15,15.6
28/09/2022 1:15 AM,0,20,15,15.6
28/09/2022 1:20 AM,0,20,15,15.5
28/09/2022 1:25 AM,0,20,15,15.5
28/09/2022 1:30 AM,0,20,15,15.3
28/09/2022 1:35 AM,0,20,15,15.3
28/09/2022 1:40 AM,0,20,15,15.2
28/09/2022 1:45 AM,0,20,15,15.2
28/09/2022 1:50 AM,0,20,15,15.1
28/09/2022 1:55 AM,0,20,15,15.1
28/09/2022 2:00 AM,0,20,15,15
28/09/2022 2:05 AM,0,20,15,15
28/09/2022 2:10 AM,0,20,15,15
28/09/2022 2:15 AM,0,20,15,15
28/09/2022 2:20 AM,0,20,15,15
28/09/2022 2:25 AM,0,20,15,15
28/09/2022 2:30 AM,1,20,15,14.9
28/09/2022 2:35 AM,1,20,15,14.9
28/09/2022 2:40 AM,1,20,15,14.9
28/09/2022 2:45 AM,1,20,15,14.9
28/09/2022 2:50 AM,1,20,15,14.9
28/09/2022 2:55 AM,1,20,15,14.8
28/09/2022 3:00 AM,1,20,15,14.8
28/09/2022 3:05 AM,1,20,15,14.8
28/09/2022 3:10 AM,1,20,15,14.8
28/09/2022 3:15 AM,1,20,15,14.7
28/09/2022 3:20 AM,1,20,15,14.8
28/09/2022 3:25 AM,1,20,15,14.7
28/09/2022 3:30 AM,1,20,15,14.7
28/09/2022 3:35 AM,1,20,15,14.7
28/09/2022 3:40 AM,1,20,15,14.7
28/09/2022 3:45 AM,1,20,15,14.8
28/09/2022 3:50 AM,1,20,15,14.8
28/09/2022 3:55 AM,1,20,15,14.8
28/09/2022 4:00 AM,1,20,15,14.8
28/09/2022 4:05 AM,1,20,15,14.8
28/09/2022 4:10 AM,1,20,15,14.8
28/09/2022 4:15 AM,1,20,15,14.9
28/09/2022 4:20 AM,1,20,15,14.9
28/09/2022 4:25 AM,1,20,15,14.9
28/09/2022 4:30 AM,0,20,15,15
28/09/2022 4:35 AM,0,20,15,15
28/09/2022 4:40 AM,0,20,15,15
28/09/2022 4:45 AM,0,20,15,15.1
28/09/2022 4:50 AM,0,20,15,15.2
28/09/2022 4:55 AM,0,20,15,15.2
28/09/2022 5:00 AM,0,20,15,15.2
28/09/2022 5:05 AM,0,20,15,15.3
28/09/2022 5:10 AM,0,20,15,15.4
28/09/2022 5:15 AM,0,20,15,15.5
28/09/2022 5:20 AM,0,20,15,15.6
28/09/2022 5:25 AM,0,20,15,15.6
28/09/2022 5:30 AM,0,20,15,15.7
28/09/2022 5:35 AM,0,20,15,15.8
28/09/2022 5:40 AM,0,20,15,15.9
28/09/2022 5:45 AM,0,20,15,15.9
28/09/2022 5:50 AM,0,20,15,15.9
28/09/2022 5:55 AM,0,20,15,15.9
28/09/2022 6:00 AM,0,20,15,16
28/09/2022 6:05 AM,0,20,15,16
28/09/2022 6:10 AM,0,20,15,16.1
28/09/2022 6:15 AM,0,20,15,16.1
28/09/2022 6:20 AM,0,20,15,16.1
28/09/2022 6:25 AM,0,20,15,16.1
28/09/2022 6:30 AM,0,20,15,16.2
28/09/2022 6:35 AM,0,20,15,16.2
28/09/2022 6:40 AM,0,20,15,16.2
28/09/2022 6:45 AM,0,20,15,16.2
28/09/2022 6:50 AM,0,20,15,16.2
28/09/2022 6:55 AM,0,20,15,16.3
28/09/2022 7:00 AM,0,20,15,16.2
28/09/2022 7:05 AM,0,20,15,16.2
28/09/2022 7:10 AM,0,20,15,16.2
28/09/2022 7:15 AM,0,20,15,16.2
28/09/2022 7:20 AM,0,20,15,16.2
28/09/2022 7:25 AM,0,20,15,16.2
28/09/2022 7:30 AM,0,20,15,16.2
28/09/2022 7:35 AM,0,20,15,16.2
28/09/2022 7:40 AM,0,20,15,16.2
28/09/2022 7:45 AM,0,20,15,16.2
28/09/2022 7:50 AM,0,20,15,16.3
28/09/2022 7:55 AM,0,20,15,16.3
28/09/2022 8:00 AM,0,20,15,16.3
28/09/2022 8:05 AM,0,20,15,16.3
28/09/2022 8:10 AM,0,20,15,16.4
28/09/2022 8:15 AM,0,20,15,16.5
28/09/2022 8:20 AM,0,20,15,16.6
28/09/2022 8:25 AM,0,24,16,16.8
28/09/2022 8:30 AM,0,24,16,17.1
28/09/2022 8:35 AM,0,27,17,17.6
28/09/2022 8:40 AM,0,24,16,17.8
28/09/2022 8:45 AM,0,24,16,18
28/09/2022 8:50 AM,0,20,15,18
28/09/2022 8:55 AM,0,20,15,17.8
28/09/2022 9:00 AM,0,20,15,17.6
28/09/2022 9:05 AM,0,20,15,17.4
28/09/2022 9:10 AM,0,20,15,17.2
28/09/2022 9:15 AM,0,20,15,17
28/09/2022 9:20 AM,0,20,15,16.9
28/09/2022 9:25 AM,0,20,15,16.8
28/09/2022 9:30 AM,0,20,15,16.7
28/09/2022 9:35 AM,0,20,15,16.7
28/09/2022 9:40 AM,0,20,15,16.7
28/09/2022 9:45 AM,0,20,15,16.7
28/09/2022 9:50 AM,0,20,15,16.7
28/09/2022 9:55 AM,0,20,15,16.7
28/09/2022 10:00 AM,0,20,15,16.7
28/09/2022 10:05 AM,0,24,16,16.7
28/09/2022 10:10 AM,0,24,16,16.9
28/09/2022 10:15 AM,0,27,17,17.3
28/09/2022 10:20 AM,0,24,16,17.6
28/09/2022 10:25 AM,0,24,16,17.7
28/09/2022 10:30 AM,0,20,15,17.7
28/09/2022 10:35 AM,0,20,15,17.7
28/09/2022 10:40 AM,0,24,16,17.6
28/09/2022 10:45 AM,0,24,16,17.7
28/09/2022 10:50 AM,0,27,17,18.1
28/09/2022 10:55 AM,0,27,17,18.5
28/09/2022 11:00 AM,0,27,17,19.2
28/09/2022 11:05 AM,0,27,17,20
28/09/2022 11:10 AM,0,27,17,19.6
28/09/2022 11:15 AM,0,27,17,19.6
28/09/2022 11:20 AM,0,27,17,19.9
28/09/2022 11:25 AM,0,27,17,19.6
28/09/2022 11:30 AM,0,27,17,19.6
28/09/2022 11:35 AM,0,27,17,19.7
28/09/2022 11:40 AM,0,27,17,20.2
28/09/2022 11:45 AM,0,27,17,21
28/09/2022 11:50 AM,0,27,17,20.9
28/09/2022 11:55 AM,0,27,17,20.5
28/09/2022 12:00 PM,0,27,17,20.4
28/09/2022 12:05 PM,0,27,17,20.4
28/09/2022 12:10 PM,0,27,17,20.4
28/09/2022 12:15 PM,0,24,16,20.5
28/09/2022 12:20 PM,0,24,16,20.4
28/09/2022 12:25 PM,0,24,16,20.4
28/09/2022 12:30 PM,0,24,16,20.3
28/09/2022 12:35 PM,0,24,16,20.5
28/09/2022 12:40 PM,0,27,17,21.4
28/09/2022 12:45 PM,0,27,17,22.3
28/09/2022 12:50 PM,0,27,17,22.8
28/09/2022 12:55 PM,0,27,17,23.2
28/09/2022 1:00 PM,0,27,17,23.2
28/09/2022 1:05 PM,0,27,17,22.9
28/09/2022 1:10 PM,0,27,17,22.7
28/09/2022 1:15 PM,0,27,17,22.7
28/09/2022 1:20 PM,0,28,18,23
28/09/2022 1:25 PM,0,28,18,23.5
28/09/2022 1:30 PM,0,28,18,23.8
28/09/2022 1:35 PM,0,28,18,23.6
28/09/2022 1:40 PM,0,28,18,23
28/09/2022 1:45 PM,0,28,18,22.3
28/09/2022 1:50 PM,0,27,17,21.6
28/09/2022 1:55 PM,0,27,17,21.4
28/09/2022 2:00 PM,0,27,17,21.1
28/09/2022 2:05 PM,0,27,17,21.1
28/09/2022 2:10 PM,0,27,17,20.9
28/09/2022 2:15 PM,0,27,17,20.6
28/09/2022 2:20 PM,0,27,17,20.7
28/09/2022 2:25 PM,0,27,17,20.6
28/09/2022 2:30 PM,0,24,16,20.7
28/09/2022 2:35 PM,0,24,16,20.6
28/09/2022 2:40 PM,1,20,15,20.4
28/09/2022 2:45 PM,0,24,16,20
28/09/2022 2:50 PM,0,24,16,19.7
28/09/2022 2:55 PM,0,27,17,19.8
28/09/2022 3:00 PM,0,27,17,20.7
28/09/2022 3:05 PM,0,27,17,21.2
28/09/2022 3:10 PM,0,27,17,21.2
28/09/2022 3:15 PM,0,27,17,21.5
28/09/2022 3:20 PM,0,27,17,21.8
28/09/2022 3:25 PM,0,27,17,21.9
28/09/2022 3:30 PM,0,27,17,22
28/09/2022 3:35 PM,,,,22
28/09/2022 3:40 PM,,,,22
28/09/2022 3:45 PM,,,,22
28/09/2022 3:50 PM,,,,22
28/09/2022 3:55 PM,,,,21.7
28/09/2022 4:00 PM,,,,21.3
